,종목명,2011사회,2012사회,2013사회,2014사회,2015사회,2016사회,2017사회,2018사회,종목코드,시장구분,업종명,시가총액
0,AK홀딩스,B이하,B이하,B이하,B이하,B이하,B이하,B이하,B이하,6840.0,KOSPI,기타금융,195931000000.0
1,BYC,B이하,B이하,B이하,B이하,B이하,B이하,B이하,B이하,1460.0,KOSPI,섬유의복,246411000000.0
2,CJ,B이하,B이하,A,A,A,A,A,A+,1040.0,KOSPI,기타금융,3574180000000.0
3,CJCGV,B이하,B이하,B이하,B+,B이하,B+,B+,B+,79160.0,KOSPI,서비스업,710106000000.0
4,CJ대한통운,B+,B+,A,A,B+,A,B+,B+,120.0,KOSPI,운수창고업,2817320000000.0
6,CJ제일제당,B+,B이하,A,A,B+,B+,A,A+,97950.0,KOSPI,음식료품,5223800000000.0
8,DB,B이하,B이하,B이하,B이하,B이하,B이하,B이하,B이하,12030.0,KOSPI,서비스업,291300000000.0
9,DB금융투자,B이하,B+,B이하,B이하,B이하,B이하,B이하,B이하,16610.0,KOSPI,증권,174030000000.0
10,DB손해보험,A,A,B+,B+,A,A,A,A,5830.0,KOSPI,보험,6605640000000.0
11,DB하이텍,B이하,B이하,B이하,B+,B+,B+,B+,B+,990.0,KOSPI,전기전자,1818120000000.0
12,DRB동일,B이하,B이하,B이하,B이하,B이하,B이하,B이하,B이하,4840.0,KOSPI,화학,115793000000.0
13,DSR제강,B이하,B이하,B이하,B이하,B이하,B이하,B이하,B이하,69730.0,KOSPI,철강금속,59616000000.0
14,E1,B이하,B+,B이하,B이하,B+,B+,B+,B+,17940.0,KOSPI,유통업,454818000000.0
16,GKL,B+,B+,B+,B이하,B+,B+,B이하,B+,114090.0,KOSPI,서비스업,856082000000.0
18,GS건설,A,A,A,A,A,B+,A,B+,6360.0,KOSPI,건설업,1258050000000.0
19,GS글로벌,B이하,B이하,B이하,B이하,B이하,B이하,B이하,B이하,1250.0,KOSPI,유통업,198081000000.0
20,JW중외제약,B이하,B이하,B이하,B이하,B이하,B이하,B+,B+,1060.0,KOSPI,의약품,690428000000.0
21,JW홀딩스,B이하,B이하,B이하,B이하,B이하,B+,B이하,B+,96760.0,KOSPI,기타금융,219927000000.0
22,KB금융,A+,A+,A+,B+,B+,A+,A,A,105560.0,KOSPI,기타금융,28044000000000.0
26,KEC,B이하,B이하,B이하,B이하,B이하,B이하,B이하,B이하,92220.0,KOSPI,전기전자,260189000000.0
28,KG케미칼,B이하,B이하,B이하,B이하,B이하,B이하,B이하,B이하,1390.0,KOSPI,화학,378634000000.0
33,KR모터스,B이하,B이하,B이하,B이하,B이하,B이하,B이하,B이하,40.0,KOSPI,운수장비,31696560384.0
34,KSS해운,B이하,B이하,B이하,B이하,B이하,A,B이하,B+,44450.0,KOSPI,운수창고업,187457000000.0
35,다올투자증권,B이하,B이하,B이하,B이하,B이하,B이하,B이하,B이하,30210.0,KOSPI,증권,187911000000.0
36,LF,B이하,B이하,B이하,B이하,B이하,B이하,B이하,B이하,93050.0,KOSPI,섬유의복,437138000000.0
37,LG,B이하,B이하,B+,B+,B+,B+,B+,A,3550.0,KOSPI,기타금융,12426800000000.0
38,LG디스플레이,B+,B+,A,A,B+,A,A,A+,34220.0,KOSPI,전기전자,5065000000000.0
41,LG생활건강,A,A+,A+,A,A+,A+,A+,A+,51900.0,KOSPI,화학,5973960000000.0
42,LG유플러스,B이하,B+,B이하,B+,B+,B+,B+,B+,32640.0,KOSPI,통신업,4243860000000.0
43,LG이노텍,A,A,A,A,A,A+,A+,A+,11070.0,KOSPI,전기전자,4366580000000.0
44,LG전자,A,A,A,A,A,A+,A,A,66570.0,KOSPI,전기전자,15055600000000.0
45,LX하우시스,B이하,A,A,A,A,A+,A+,A+,108670.0,KOSPI,화학,352878000000.0
46,LG화학,A,A,A,A,B+,B+,A+,A+,51910.0,KOSPI,화학,26683900000000.0
47,LS,B이하,B이하,B이하,B이하,B이하,B이하,B이하,B+,6260.0,KOSPI,기타금융,4079740000000.0
48,LS네트웍스,B이하,B이하,B이하,B이하,B이하,B이하,B이하,B이하,680.0,KOSPI,유통업,344369000000.0
49,LSELECTRIC,B이하,B이하,B+,B+,A,A+,A,A,10120.0,KOSPI,전기전자,4758000000000.0
51,NAVER,B+,B+,B+,B+,B이하,B+,A,B+,35420.0,KOSPI,서비스업,29379700000000.0
53,NH투자증권,B+,A,B+,B+,B+,B+,B이하,A,5940.0,KOSPI,증권,3853960000000.0
56,OCI,A,A,A,A,A,A,A+,A+,456040.0,KOSPI,화학,748013000000.0
57,SNT에너지,B이하,B이하,B이하,B이하,B이하,B이하,B이하,B이하,100840.0,KOSPI,기계,76193116650.0
58,SNT모티브,B이하,B이하,B이하,B이하,B이하,B이하,B이하,B이하,64960.0,KOSPI,운수장비,666084000000.0
59,SNT다이내믹스,B이하,B이하,B이하,B이하,B이하,B+,B+,B이하,3570.0,KOSPI,운수장비,540356000000.0
60,SNT홀딩스,B이하,B이하,B이하,B이하,B이하,B이하,B이하,B이하,36530.0,KOSPI,기타금융,366837000000.0
61,S-Oil,A,A,A+,A,A+,A+,A+,A+,10950.0,KOSPI,화학,8567550000000.0
64,SG세계물산,B이하,B이하,B이하,B이하,B이하,B이하,B이하,B이하,4060.0,KOSPI,유통업,82791808640.0
66,SH에너지화학,B이하,B이하,B이하,B이하,B이하,B이하,B이하,B이하,2360.0,KOSPI,화학,71236720930.0
67,SIMPAC,B이하,B이하,B이하,B이하,B이하,B이하,B이하,B이하,9160.0,KOSPI,철강금속,287236000000.0
68,SK,B이하,A,A+,A,A,A+,A+,A+,34730.0,KOSPI,기타금융,11865400000000.0
69,SKC,A,A,A,A,A,B+,B+,A,11790.0,KOSPI,화학,4161730000000.0
70,SK가스,B이하,B+,B+,B+,B이하,B+,B+,A,18670.0,KOSPI,유통업,1426070000000.0
71,SK네트웍스,A+,A,B+,A,B+,B+,B+,A+,1740.0,KOSPI,유통업,1199330000000.0
73,SK이노베이션,A,B+,A,A,A,B+,A,A+,96770.0,KOSPI,화학,10588400000000.0
74,SK증권,B+,A,B+,B+,B+,B+,B+,B이하,1510.0,KOSPI,증권,281664000000.0
75,SK텔레콤,A+,A,A,B+,A,B+,B+,A,17670.0,KOSPI,통신업,10954300000000.0
76,SK하이닉스,A+,A+,A+,A,B+,B+,A,A+,660.0,KOSPI,전기전자,124925000000000.0
77,SPC삼립,B이하,B이하,B이하,B이하,B이하,B이하,B이하,B+,5610.0,KOSPI,음식료품,508249000000.0
82,TCC스틸,B이하,B이하,B이하,B이하,B이하,B이하,B이하,B이하,2710.0,KOSPI,철강금속,1420780000000.0
83,WISCOM,B이하,B이하,B이하,B이하,B이하,B이하,B이하,B이하,24070.0,KOSPI,화학,36706819010.0
87,강원랜드,B이하,A,A,A,B+,A,A,B+,35250.0,KOSPI,서비스업,3209110000000.0
91,경농,B이하,B이하,B이하,B이하,B이하,B+,B이하,B이하,2100.0,KOSPI,화학,191712000000.0
92,경동나비엔,B이하,B이하,B이하,B이하,B이하,B이하,B+,A,9450.0,KOSPI,전기전자,789618000000.0
93,경동인베스트,B이하,B이하,B이하,B이하,B이하,B+,B이하,B이하,12320.0,KOSPI,기타금융,165552000000.0
94,경방,B이하,B이하,B이하,B이하,B이하,B이하,B이하,B이하,50.0,KOSPI,유통업,210001000000.0
95,경인양행,B이하,B이하,B이하,B이하,B이하,B이하,B이하,B이하,12610.0,KOSPI,화학,137542000000.0
97,계룡건설,B이하,B+,B+,B이하,B이하,B+,B이하,B+,13580.0,KOSPI,건설업,117888000000.0
98,계양전기,B이하,B+,B+,B이하,B이하,B이하,B이하,B이하,12200.0,KOSPI,기계,50062782531.0
100,고려산업,B이하,B이하,B이하,B이하,B이하,B이하,B이하,B이하,2140.0,KOSPI,음식료품,78434491625.0
101,고려아연,B이하,B이하,B이하,B이하,B+,B이하,B+,B+,10130.0,KOSPI,철강금속,9847940000000.0
102,고려제강,B이하,B이하,B이하,B이하,B이하,B이하,B이하,B+,2240.0,KOSPI,철강금속,511250000000.0
104,광동제약,B이하,B이하,B이하,B이하,B이하,B이하,B+,B+,9290.0,KOSPI,의약품,354365000000.0
107,광주신세계,B+,B+,B+,B+,B이하,B이하,B이하,B이하,37710.0,KOSPI,유통업,245479000000.0
108,교보증권,B이하,B이하,B이하,B이하,B+,B+,B+,B이하,30610.0,KOSPI,증권,562977000000.0
109,국도화학,B이하,B이하,B이하,B이하,B이하,B이하,B이하,B이하,7690.0,KOSPI,화학,312668000000.0
110,국동,B이하,B이하,B이하,B이하,B이하,B이하,B이하,B이하,5320.0,KOSPI,유통업,40384171685.0
111,국보,B이하,B이하,B이하,B이하,B이하,B이하,B이하,B이하,1140.0,KOSPI,운수창고업,32447620090.0
112,국제약품,B이하,B이하,B이하,B이하,B이하,B이하,B이하,B이하,2720.0,KOSPI,의약품,106434000000.0
114,극동유화,B이하,B이하,B이하,B이하,B이하,B이하,B이하,B이하,14530.0,KOSPI,화학,139652000000.0
115,금강공업,B이하,B이하,B이하,B이하,B이하,B이하,B이하,B이하,14280.0,KOSPI,철강금속,156325000000.0
118,금호건설,B+,B+,B+,B+,B이하,B이하,B+,B이하,2990.0,KOSPI,건설업,155205000000.0
119,금호석유,A,A,B+,B+,B이하,B+,B+,B+,11780.0,KOSPI,화학,3406510000000.0
120,금호전기,B이하,B이하,B이하,B이하,B이하,B이하,B이하,B이하,1210.0,KOSPI,전기전자,27295981353.0
121,기신정기,B이하,B이하,B이하,B이하,B이하,B이하,B이하,B이하,92440.0,KOSPI,기계,87600000000.0
122,기아,A,A+,A,A,A,A,B+,A,270.0,KOSPI,운수장비,46275300000000.0
123,기업은행,B+,B+,B+,B+,B+,B+,B이하,B+,24110.0,KOSPI,은행,10876900000000.0
124,까뮤이앤씨,B이하,B이하,B이하,B이하,B이하,B이하,B이하,B이하,13700.0,KOSPI,건설업,70753622760.0
125,깨끗한나라,B이하,B이하,B이하,B이하,B이하,B이하,B이하,B이하,4540.0,KOSPI,종이목재,82115728065.0
126,이엔플러스,B이하,B이하,B이하,B이하,B이하,B이하,B이하,B이하,74610.0,KOSPI,기계,210769000000.0
131,비비안,B이하,B이하,B이하,B이하,B이하,B이하,B이하,B이하,2070.0,KOSPI,섬유의복,30121723890.0
132,남해화학,B이하,B이하,B이하,B이하,B이하,B이하,B이하,B이하,25860.0,KOSPI,화학,356694000000.0
133,넥센,B이하,B이하,B이하,B이하,B이하,B이하,B이하,B이하,5720.0,KOSPI,화학,223278000000.0
134,넥센타이어,B이하,B이하,B이하,B이하,B이하,B+,B이하,B이하,2350.0,KOSPI,화학,899521000000.0
135,노루페인트,B이하,B이하,B이하,B이하,B이하,B이하,B이하,B이하,90350.0,KOSPI,화학,181400000000.0
137,녹십자,B이하,B이하,B이하,B이하,B+,B+,B이하,B+,6280.0,KOSPI,의약품,1308890000000.0
138,녹십자홀딩스,B이하,B이하,B이하,B이하,B+,B+,B이하,B+,5250.0,KOSPI,서비스업,738813000000.0
139,농심,B이하,B이하,B이하,B이하,B이하,B이하,B이하,B+,4370.0,KOSPI,음식료품,2405680000000.0
140,농심홀딩스,B이하,B이하,B이하,B이하,B이하,B이하,B이하,B이하,72710.0,KOSPI,기타금융,304239000000.0
141,다우기술,B이하,B이하,B이하,B이하,B이하,B이하,B+,B+,23590.0,KOSPI,서비스업,847979000000.0
144,KIB플러그에너지,B이하,B이하,B이하,B이하,B이하,B이하,B이하,B이하,15590.0,KOSPI,기계,103087000000.0
145,대교,B이하,B이하,B이하,B이하,B이하,B+,B이하,B이하,19680.0,KOSPI,서비스업,209640000000.0
146,대구백화점,B이하,B+,B이하,B이하,B이하,B+,B이하,B이하,6370.0,KOSPI,유통업,78132031420.0
149,대덕전자,B이하,B이하,B+,B+,B이하,B이하,B이하,B+,353200.0,KOSPI,전기전자,1129180000000.0
150,대동,B이하,B이하,B이하,B이하,B이하,B이하,B+,B이하,490.0,KOSPI,기계,302818000000.0
153,DL,A,A,B+,A,B+,B이하,B이하,B이하,210.0,KOSPI,화학,1058270000000.0
154,대림통상,B이하,B이하,B이하,B이하,B이하,B이하,B이하,B이하,6570.0,KOSPI,기계,44761500000.0
155,대상,B이하,B+,B이하,B이하,B이하,B+,B+,B+,1680.0,KOSPI,음식료품,758792000000.0
159,대신증권,B이하,B이하,B이하,B이하,B이하,B이하,B이하,B+,3540.0,KOSPI,증권,767694000000.0
161,대영포장,B이하,B이하,B이하,B이하,B이하,B이하,B이하,B이하,14160.0,KOSPI,종이목재,140371000000.0
162,대우건설,B이하,B이하,A,A,B+,A,A,A+,47040.0,KOSPI,건설업,1541960000000.0
163,대우부품,B이하,B이하,B이하,B이하,B이하,B이하,B이하,B이하,9320.0,KOSPI,운수장비,68428080760.0
165,한화오션,B+,B이하,B+,B이하,B이하,B+,B이하,B이하,42660.0,KOSPI,운수장비,9864760000000.0
166,대웅,B이하,B이하,B이하,B이하,B이하,B이하,B이하,B이하,3090.0,KOSPI,의약품,1054700000000.0
167,대웅제약,B이하,B+,B이하,B이하,B+,B+,B+,B+,69620.0,KOSPI,의약품,1283790000000.0
168,대원강업,B이하,B이하,B이하,B이하,B이하,B이하,B이하,B+,430.0,KOSPI,운수장비,341000000000.0
170,대원제약,B이하,B+,B이하,B이하,B이하,B+,B+,B+,3220.0,KOSPI,의약품,337957000000.0
172,대유에이텍,B이하,B이하,B이하,B이하,B이하,B이하,B이하,B이하,2880.0,KOSPI,운수장비,54643759380.0
173,대유플러스,B이하,B이하,B이하,B이하,B이하,B이하,B이하,B이하,300.0,KOSPI,전기전자,30475633069.0
174,대창,B이하,B이하,B이하,B이하,B이하,B이하,B이하,B이하,12800.0,KOSPI,철강금속,137349000000.0
177,대한유화,B이하,B이하,B이하,B이하,B이하,B+,B이하,B이하,6650.0,KOSPI,화학,869050000000.0
179,대한제강,B이하,B+,B이하,B이하,B이하,B이하,B이하,B이하,84010.0,KOSPI,철강금속,325928000000.0
180,대한제당,B이하,B이하,B이하,B이하,B이하,B이하,B이하,B이하,1790.0,KOSPI,음식료품,278059000000.0
181,대한제분,B이하,B이하,B이하,B이하,B이하,B이하,B이하,B이하,1130.0,KOSPI,음식료품,221897000000.0
182,대한항공,A,A,A,A,B+,B+,B+,B이하,3490.0,KOSPI,운수창고업,7640580000000.0
183,대한화섬,B이하,B이하,B이하,B이하,B이하,B이하,B이하,B이하,3830.0,KOSPI,화학,143822000000.0
186,더존비즈온,B이하,B이하,B이하,B이하,B이하,B이하,B+,B이하,12510.0,KOSPI,서비스업,1637630000000.0
191,하이스틸,B이하,B이하,B이하,B이하,B이하,B이하,B이하,B이하,71090.0,KOSPI,철강금속,65824195460.0
196,한국가스공사,A,B+,A,A,B+,B이하,B+,A,36460.0,KOSPI,전기가스업,2372440000000.0
198,한국공항,B이하,B이하,B+,B+,B이하,B이하,B이하,B이하,5430.0,KOSPI,운수창고업,216262000000.0
200,한국내화,B이하,B이하,B이하,B이하,B이하,B이하,B이하,B이하,10040.0,KOSPI,비금속광물,114577000000.0
201,한국단자,B이하,B이하,B이하,B이하,B이하,B이하,B이하,B이하,25540.0,KOSPI,전기전자,655104000000.0
202,한국석유,B이하,B이하,B이하,B이하,B이하,B이하,B이하,B이하,4090.0,KOSPI,비금속광물,203741000000.0
204,한국쉘석유,B이하,B+,B+,B+,B+,B이하,B이하,B이하,2960.0,KOSPI,화학,350350000000.0
207,한국전력,A+,A,A,B+,B+,A+,A,A,15760.0,KOSPI,전기가스업,13417000000000.0
208,한국전자홀딩스,B이하,B이하,B이하,B이하,B이하,B이하,B이하,B이하,6200.0,KOSPI,기타금융,42731263168.0
209,한국제지,B이하,B이하,B이하,B이하,B이하,B이하,B+,B+,27970.0,KOSPI,종이목재,194743000000.0
211,한국주철관,B이하,B이하,B이하,B이하,B이하,B이하,B이하,B이하,970.0,KOSPI,철강금속,147063000000.0
212,한국철강,B+,B+,B이하,B이하,B이하,B+,B+,B이하,104700.0,KOSPI,철강금속,514494000000.0
213,한국카본,B이하,B이하,B이하,B이하,B이하,B이하,B이하,B이하,17960.0,KOSPI,기계,573069000000.0
215,한국앤컴퍼니,B+,A,A,A,A,A+,A,A,240.0,KOSPI,기타금융,1471500000000.0
217,한국무브넥스,B이하,B이하,B이하,B이하,B이하,B이하,B이하,B이하,10100.0,KOSPI,운수장비,145858000000.0
218,한국화장품제조,B이하,B이하,B이하,B이하,B이하,B이하,B이하,B이하,3350.0,KOSPI,화학,117379000000.0
219,한농화성,B이하,B이하,B이하,B이하,B이하,B이하,B이하,B이하,11500.0,KOSPI,화학,276776000000.0
220,한독,B이하,B+,B이하,B이하,B+,B+,B이하,B+,2390.0,KOSPI,의약품,183606000000.0
222,한미글로벌,B+,B이하,B이하,B이하,B이하,B이하,B이하,B+,53690.0,KOSPI,서비스업,167431000000.0
223,한미반도체,B이하,B이하,B이하,B이하,B이하,B이하,B이하,B이하,42700.0,KOSPI,기계,12371800000000.0
225,한샘,B+,B이하,B이하,B이하,B이하,B이하,B이하,B이하,9240.0,KOSPI,유통업,1195520000000.0
226,한섬,B이하,B이하,B이하,B이하,B이하,B이하,B이하,B+,20000.0,KOSPI,섬유의복,446911000000.0
227,한성기업,B이하,B이하,B이하,B이하,B이하,B이하,B이하,B이하,3680.0,KOSPI,음식료품,31979002250.0
228,한세실업,B이하,B이하,B이하,B이하,B이하,B이하,B이하,B이하,105630.0,KOSPI,섬유의복,854000000000.0
230,한솔로지스틱스,B이하,B이하,B이하,B이하,B이하,B이하,B이하,B+,9180.0,KOSPI,운수창고업,62026222875.0
232,한솔케미칼,B이하,B이하,B이하,B이하,B이하,B+,B이하,B+,14680.0,KOSPI,화학,2157090000000.0
233,한솔테크닉스,B이하,B이하,B이하,B이하,B이하,B이하,B이하,B+,4710.0,KOSPI,전기전자,176604000000.0
234,한솔PNS,B이하,B이하,B이하,B이하,B이하,B이하,B이하,B이하,10420.0,KOSPI,유통업,25226897772.0
235,한솔홀딩스,B+,B+,B+,B+,B이하,B이하,B이하,B+,4150.0,KOSPI,기타금융,115734000000.0
239,한양증권,B+,B+,B이하,B이하,B이하,B이하,B이하,B+,1750.0,KOSPI,증권,130849000000.0
240,한온시스템,B이하,B이하,B이하,B+,B이하,B이하,B이하,B+,18880.0,KOSPI,기계,2749070000000.0
241,한올바이오파마,B+,B이하,B이하,B이하,B이하,B+,B이하,B이하,9420.0,KOSPI,의약품,1810140000000.0
242,한익스프레스,B이하,B이하,B이하,B이하,B이하,B이하,B이하,B이하,14130.0,KOSPI,운수창고업,53760000000.0
246,한전KPS,A,A,A,B+,B+,B+,B+,A,51600.0,KOSPI,건설업,1539000000000.0
247,한전기술,A,A,B이하,B이하,B이하,B+,B+,A,52690.0,KOSPI,서비스업,2262620000000.0
248,한진,B이하,B이하,B이하,B이하,B이하,B+,B이하,B+,2320.0,KOSPI,운수창고업,316142000000.0
249,HJ중공업,B이하,B이하,B이하,B이하,B이하,B이하,B이하,B이하,97230.0,KOSPI,건설업,250656000000.0
250,한진중공업홀딩스,B이하,B이하,B이하,B이하,B이하,B이하,B이하,B이하,3480.0,KOSPI,전기가스업,101730000000.0
252,한창,B이하,B이하,B이하,B이하,B이하,B이하,B이하,B이하,5110.0,KOSPI,유통업,23332434378.0
253,한창제지,B이하,B이하,B이하,B이하,B이하,B이하,B이하,B이하,9460.0,KOSPI,종이목재,49285343436.0
254,한화,B이하,B이하,B이하,A,B+,B+,A+,A,880.0,KOSPI,화학,2001400000000.0
256,한화손해보험,B이하,B이하,B이하,B이하,B+,B이하,B이하,B+,370.0,KOSPI,보험,544587000000.0
257,한화솔루션,A,A,A,A,B+,A+,B이하,A,9830.0,KOSPI,화학,4314500000000.0
258,한화에어로스페이스,B+,A,A,A,B+,B+,B+,B이하,12450.0,KOSPI,운수장비,11138600000000.0
259,한화투자증권,B이하,B이하,B이하,B이하,B이하,B+,B+,B이하,3530.0,KOSPI,증권,736972000000.0
262,HDC현대EP,B이하,B이하,B이하,B이하,B이하,B이하,B이하,B이하,89470.0,KOSPI,화학,130471000000.0
263,현대건설,A,A,B+,B+,B+,B+,B+,A,720.0,KOSPI,건설업,3786100000000.0
264,현대그린푸드,B이하,B+,B+,B이하,B이하,B이하,B이하,B이하,453340.0,KOSPI,유통업,406910000000.0
265,현대글로비스,B+,B+,B+,B이하,B이하,A+,B+,A,86280.0,KOSPI,운수창고업,6671250000000.0
266,현대리바트,B이하,B이하,B이하,B이하,B이하,B+,B+,B+,79430.0,KOSPI,기타제조업,153193000000.0
267,현대모비스,A,A,B+,A,B+,A+,A,A,12330.0,KOSPI,운수장비,22383600000000.0
268,HD현대미포,B이하,B이하,A,A,B+,B이하,B이하,B+,10620.0,KOSPI,운수장비,2923770000000.0
269,현대백화점,B+,B+,B+,B+,B+,B+,B+,B+,69960.0,KOSPI,유통업,1170120000000.0
270,현대비앤지스틸,B이하,B이하,B이하,B이하,B이하,B이하,B+,B+,4560.0,KOSPI,철강금속,303838000000.0
272,HMM,A,B+,B+,B이하,B+,B+,B+,B+,11200.0,KOSPI,운수창고업,11107300000000.0
274,현대약품,B이하,B+,B이하,B이하,B이하,B+,B+,B+,4310.0,KOSPI,의약품,121280000000.0
275,현대엘리베이,B+,B이하,B+,B+,B+,B+,A,A,17800.0,KOSPI,기계,1581290000000.0
276,현대차,A+,A,A,B+,B+,A,B+,B+,5380.0,KOSPI,운수장비,51307000000000.0
277,현대제철,A,A,B+,A,B+,B이하,B이하,A,4020.0,KOSPI,철강금속,4276940000000.0
279,HD현대중공업,B이하,B이하,A,B+,B이하,A+,B이하,B+,329180.0,KOSPI,운수장비,10883600000000.0
283,현대해상,A,A,A,A,A,B+,A,A+,1450.0,KOSPI,보험,2749050000000.0
284,형지엘리트,B이하,B이하,B이하,B이하,B이하,B이하,B이하,B이하,93240.0,KOSPI,섬유의복,37697305580.0
285,혜인,B이하,B이하,B이하,B이하,B이하,B이하,B이하,B이하,3010.0,KOSPI,유통업,69284471150.0
286,호텔신라,B이하,B이하,B이하,B이하,B이하,B이하,B+,A,8770.0,KOSPI,유통업,2276390000000.0
287,화성산업,B+,B이하,B이하,B이하,B+,B이하,B이하,B이하,2460.0,KOSPI,건설업,101297000000.0
288,화승알앤에이,B이하,B이하,B이하,B이하,B이하,B이하,B+,B+,378850.0,KOSPI,운수장비,74265065930.0
289,화승인더,B이하,B이하,B이하,B이하,B이하,B이하,B이하,B이하,6060.0,KOSPI,화학,221003000000.0
290,화신,B이하,B이하,B이하,B이하,B이하,B이하,B이하,B이하,10690.0,KOSPI,운수장비,367363000000.0
291,화천기계,B이하,B이하,B이하,B이하,B이하,B이하,B이하,B이하,10660.0,KOSPI,기계,80960000000.0
292,화천기공,B이하,B이하,B이하,B이하,B이하,B이하,B이하,B이하,850.0,KOSPI,기계,66880000000.0
293,환인제약,B이하,B이하,B이하,B이하,B이하,B이하,B이하,B이하,16580.0,KOSPI,의약품,256495000000.0
294,황금에스티,B이하,B이하,B이하,B이하,B이하,B이하,B이하,B이하,32560.0,KOSPI,철강금속,116280000000.0
295,효성,B이하,B이하,B+,B+,B+,B+,A,B+,4800.0,KOSPI,기타금융,1224230000000.0
296,효성ITX,B이하,B이하,B+,B+,B이하,B+,B이하,B+,94280.0,KOSPI,서비스업,144478000000.0
297,후성,B이하,B이하,B이하,B이하,B이하,B이하,B이하,B이하,93370.0,KOSPI,화학,748212000000.0
298,휴니드,B+,B이하,B이하,B이하,B이하,B이하,B이하,B이하,5870.0,KOSPI,전기전자,103753000000.0
300,TKG휴켐스,B이하,B+,B+,B+,B이하,B+,B+,B이하,69260.0,KOSPI,화학,791001000000.0
301,흥국화재,B이하,B이하,B이하,B이하,B이하,B이하,B이하,B이하,540.0,KOSPI,보험,260825000000.0
302,흥아해운,B이하,B이하,B이하,B이하,B이하,B이하,B이하,B이하,3280.0,KOSPI,운수창고업,688817000000.0
303,동국제강,B이하,B이하,B이하,B이하,B이하,B+,B+,B이하,460860.0,KOSPI,철강금속,557594000000.0
305,동방,B이하,B이하,B이하,B이하,B이하,B이하,B이하,B이하,4140.0,KOSPI,운수창고업,106497000000.0
306,동방아그로,B이하,B이하,B이하,B이하,B이하,B이하,B이하,B이하,7590.0,KOSPI,화학,85654559330.0
308,KG스틸,B+,B+,B+,B이하,B+,B이하,B이하,B이하,16380.0,KOSPI,철강금속,696062000000.0
309,동성제약,B이하,B이하,B이하,B이하,B이하,B이하,B이하,B이하,2210.0,KOSPI,의약품,136769000000.0
310,동성케미컬,B이하,B이하,B이하,B이하,B이하,B이하,B이하,B+,102260.0,KOSPI,서비스업,223604000000.0
312,동아쏘시오홀딩스,B이하,B이하,B이하,B이하,B이하,B이하,B이하,B+,640.0,KOSPI,기타금융,721871000000.0
313,다스코,B이하,B이하,B이하,B이하,B이하,B이하,B이하,B이하,58730.0,KOSPI,기계,65852614695.0
314,동아지질,B이하,B이하,B이하,B이하,B이하,B이하,B이하,B이하,28100.0,KOSPI,건설업,172707000000.0
316,동양고속,B이하,B이하,B이하,B이하,B이하,B이하,B이하,B이하,84670.0,KOSPI,운수창고업,33588600400.0
317,TYM,B이하,B이하,B이하,B이하,B이하,B이하,B이하,B이하,2900.0,KOSPI,기계,210388000000.0
318,동양생명,B이하,B이하,B이하,B이하,B+,B이하,B이하,B+,82640.0,KOSPI,보험,855201000000.0
319,동양철관,B이하,B이하,B이하,B이하,B이하,B이하,B이하,B이하,8970.0,KOSPI,철강금속,83100817710.0
321,동원F&B,B이하,B이하,B이하,B이하,B이하,B+,A,B이하,49770.0,KOSPI,음식료품,749635000000.0
323,동원산업,B이하,B이하,B이하,B이하,B+,B이하,A,B이하,6040.0,KOSPI,기타금융,1722180000000.0
329,동화약품,B이하,B이하,B이하,B이하,B이하,B+,B+,B+,20.0,KOSPI,의약품,243004000000.0
330,두산,A,A+,A,A,A,A,A+,A+,150.0,KOSPI,기타금융,2204280000000.0
332,HD현대인프라코어,B+,A+,A+,A+,A,A+,A+,A+,42670.0,KOSPI,기계,1536950000000.0
333,두산에너빌리티,B+,A+,A+,A,A,B+,A,A+,34020.0,KOSPI,기계,10076000000000.0
334,디씨엠,B이하,B이하,B이하,B이하,B이하,B이하,B이하,B이하,24090.0,KOSPI,철강금속,124260000000.0
335,디아이,B이하,B이하,B이하,B이하,B이하,B이하,B이하,B이하,3160.0,KOSPI,의료정밀,538549000000.0
336,디아이씨,B이하,B이하,B이하,B이하,B이하,B이하,B이하,B이하,92200.0,KOSPI,운수장비,240331000000.0
337,디와이,B이하,B이하,B이하,B이하,B이하,B이하,B이하,B이하,13570.0,KOSPI,기타금융,150285000000.0
338,DN오토모티브,B이하,B이하,B이하,B이하,B이하,B이하,B이하,B이하,7340.0,KOSPI,전기전자,790526000000.0
339,스틱인베스트먼트,B이하,B이하,B이하,B이하,B이하,B이하,B이하,B이하,26890.0,KOSPI,기타금융,360099000000.0
343,롯데손해보험,B이하,A,B+,A,A,A,A,A+,400.0,KOSPI,보험,1013250000000.0
344,롯데쇼핑,A,A+,B+,A,B이하,A,A+,A+,23530.0,KOSPI,유통업,1892520000000.0
345,롯데정밀화학,A,B+,B이하,B+,B+,A,A+,A+,4000.0,KOSPI,화학,1111980000000.0
347,롯데칠성,B이하,A,A,B+,A,A,B+,A,5300.0,KOSPI,음식료품,1183060000000.0
348,롯데케미칼,A+,A+,A,A,A+,A+,A+,A+,11170.0,KOSPI,화학,4290370000000.0
350,마니커,B이하,B이하,B이하,B이하,B이하,B이하,B이하,B이하,27740.0,KOSPI,음식료품,69227238520.0
351,만호제강,B이하,B이하,B이하,B이하,B이하,B이하,B이하,B이하,1080.0,KOSPI,철강금속,195673000000.0
355,명문제약,B이하,B이하,B이하,B이하,B이하,B이하,B이하,B+,17180.0,KOSPI,의약품,69434813430.0
356,모나리자,B이하,B이하,B이하,B이하,B이하,B이하,B이하,B이하,12690.0,KOSPI,종이목재,114834000000.0
357,모나미,B이하,B이하,B이하,B이하,B이하,B이하,B이하,B이하,5360.0,KOSPI,유통업,51117215435.0
359,무림P&P,B이하,B이하,B이하,B이하,B이하,B이하,B이하,B이하,9580.0,KOSPI,종이목재,190535000000.0
360,무림페이퍼,B이하,B이하,B이하,B이하,B이하,B이하,B이하,B이하,9200.0,KOSPI,종이목재,89251969950.0
362,미래산업,B이하,B이하,B이하,B이하,B이하,B이하,B이하,B이하,25560.0,KOSPI,의료정밀,66641196300.0
363,미래아이앤지,B이하,B이하,B이하,B이하,B이하,B이하,B이하,B이하,7120.0,KOSPI,서비스업,31257497664.0
366,미원상사,B이하,B이하,B이하,B이하,B이하,B이하,B이하,B이하,2840.0,KOSPI,화학,907725000000.0
367,미원홀딩스,B이하,B이하,B이하,B이하,B이하,B이하,B이하,B이하,107590.0,KOSPI,기타금융,179336000000.0
368,미창석유,B이하,B이하,B이하,B이하,B이하,B이하,B이하,B이하,3650.0,KOSPI,화학,136738000000.0
372,태경비케이,B이하,B이하,B이하,B이하,B이하,B이하,B이하,B이하,14580.0,KOSPI,비금속광물,145639000000.0
373,백산,B이하,B이하,B이하,B이하,B이하,B이하,B이하,B이하,35150.0,KOSPI,화학,297198000000.0
376,보락,B이하,B이하,B이하,B이하,B이하,B이하,B이하,B이하,2760.0,KOSPI,화학,67567200000.0
377,보령,B이하,B이하,B이하,B이하,B이하,B이하,B이하,B이하,3850.0,KOSPI,의약품,763833000000.0
380,부광약품,B이하,B이하,B이하,B이하,B이하,B이하,B이하,B이하,3000.0,KOSPI,의약품,437748000000.0
381,부국증권,B이하,B이하,B이하,B이하,B이하,B이하,B이하,B이하,1270.0,KOSPI,증권,249914000000.0
385,부산주공,B이하,B이하,B이하,B이하,B이하,B이하,B이하,B이하,5030.0,KOSPI,운수장비,38288532168.0
386,비상교육,B이하,B이하,B이하,B이하,B이하,B이하,B+,B이하,100220.0,KOSPI,서비스업,62384356800.0
387,빙그레,B+,B+,B+,B+,B이하,B+,B+,A,5180.0,KOSPI,음식료품,682691000000.0
389,사조동아원,B이하,B이하,B이하,B이하,B이하,B이하,B이하,B이하,8040.0,KOSPI,음식료품,136487000000.0
390,사조산업,B이하,B이하,B이하,B이하,B이하,B이하,B이하,B이하,7160.0,KOSPI,"농업, 임업 및 어업",179500000000.0
393,SGC에너지,B이하,B이하,B이하,B이하,B이하,B이하,B이하,B이하,5090.0,KOSPI,전기가스업,330694000000.0
394,삼성SDI,A+,A,A,A,A,A,A+,A,6400.0,KOSPI,전기전자,28984200000000.0
396,삼성물산,A+,A,A,A,B이하,A+,A+,A+,28260.0,KOSPI,유통업,27356200000000.0
397,삼성E&A,B+,B+,A,A,A,B+,A+,A+,28050.0,KOSPI,서비스업,5154800000000.0
398,삼성전기,A+,A+,A+,A+,A,A+,A+,A+,9150.0,KOSPI,전기전자,10823100000000.0
399,삼성전자,A,A,B+,A+,B+,A+,A,A,5930.0,KOSPI,전기전자,454300000000000.0
401,삼성중공업,B이하,A+,A,A,B+,A,B이하,B이하,10140.0,KOSPI,운수장비,8342400000000.0
402,삼성증권,A,A+,B+,A,B+,B+,B+,A,16360.0,KOSPI,증권,3344290000000.0
403,삼성출판사,B이하,B이하,B이하,B이하,B이하,B이하,B이하,B이하,68290.0,KOSPI,서비스업,179100000000.0
404,삼성카드,B+,B+,B+,B+,B이하,B+,B이하,B이하,29780.0,KOSPI,기타금융,4373670000000.0
405,삼성화재,A,A,A,A,A,A+,A+,A+,810.0,KOSPI,보험,14236100000000.0
407,삼양식품,B이하,B이하,B이하,B이하,B이하,B이하,B+,B이하,3230.0,KOSPI,음식료품,2207170000000.0
412,삼양홀딩스,B이하,B이하,B이하,B이하,B이하,B이하,B이하,B+,70.0,KOSPI,기타금융,586653000000.0
413,삼영무역,B이하,B이하,B이하,B이하,B이하,B이하,B이하,B이하,2810.0,KOSPI,유통업,235269000000.0
414,삼영전자,B+,B+,B+,B이하,B이하,B이하,B이하,B이하,5680.0,KOSPI,전기전자,190400000000.0
415,삼영,B이하,B이하,B이하,B이하,B이하,B이하,B이하,B이하,3720.0,KOSPI,화학,129880000000.0
416,삼익THK,B이하,B이하,B이하,B이하,B이하,B이하,B이하,B이하,4380.0,KOSPI,기계,278250000000.0
417,삼익악기,B이하,B이하,B이하,B이하,B이하,B이하,B이하,B이하,2450.0,KOSPI,기타제조업,116513000000.0
418,삼일제약,B이하,B이하,B이하,B이하,B이하,B이하,B이하,B이하,520.0,KOSPI,의약품,183800000000.0
419,삼정펄프,B이하,B이하,B이하,B이하,B이하,B이하,B이하,B이하,9770.0,KOSPI,종이목재,62499275000.0
420,삼진제약,B이하,B이하,B이하,B이하,B이하,B이하,B이하,B+,5500.0,KOSPI,의약품,273830000000.0
421,삼천리,B이하,B+,B+,B+,B+,B+,B+,B+,4690.0,KOSPI,전기가스업,369818000000.0
423,삼호개발,B이하,B이하,B이하,B이하,B이하,B이하,B이하,B이하,10960.0,KOSPI,건설업,81750000000.0
424,삼화왕관,B이하,B이하,B이하,B이하,B이하,B이하,B이하,B이하,4450.0,KOSPI,기계,70448193300.0
425,삼화전기,B이하,B이하,B이하,B이하,B이하,B이하,B이하,B이하,9470.0,KOSPI,전기전자,251325000000.0
426,삼화전자,B이하,B이하,B이하,B이하,B이하,B이하,B이하,B이하,11230.0,KOSPI,전기전자,67526286500.0
428,삼화페인트,B이하,B+,B이하,B+,B+,B이하,B+,B+,390.0,KOSPI,화학,202666000000.0
430,상신브레이크,B이하,B이하,B이하,B이하,B이하,B이하,B이하,B이하,41650.0,KOSPI,운수장비,82020939000.0
432,샘표,B이하,B이하,B이하,B이하,B이하,B이하,B이하,B이하,7540.0,KOSPI,기타금융,142496000000.0
433,서연,B이하,B이하,B이하,B이하,B이하,B이하,B이하,B이하,7860.0,KOSPI,기타금융,214136000000.0
434,서울가스,B이하,B이하,B+,B이하,B이하,B+,B이하,B이하,17390.0,KOSPI,전기가스업,284000000000.0
437,서원,B이하,B이하,B이하,B이하,B이하,B이하,B이하,B이하,21050.0,KOSPI,철강금속,64375544040.0
438,서흥,B이하,B이하,B이하,B이하,B이하,B이하,B이하,B이하,8490.0,KOSPI,화학,249314000000.0
439,선도전기,B이하,B이하,B이하,B이하,B이하,B이하,B이하,B이하,7610.0,KOSPI,전기전자,54000000000.0
441,SUN&L,B이하,B이하,B이하,B이하,B이하,B이하,B이하,B이하,2820.0,KOSPI,종이목재,32591651565.0
442,성문전자,B이하,B이하,B이하,B이하,B이하,B이하,B이하,B이하,14910.0,KOSPI,전기전자,32029364610.0
444,성신양회,B이하,B이하,B이하,B이하,B이하,B이하,B이하,B이하,4980.0,KOSPI,비금속광물,206670000000.0
446,성창기업지주,B이하,B이하,B이하,B이하,B이하,B이하,B이하,B이하,180.0,KOSPI,서비스업,132737000000.0
448,세방,B이하,B이하,B이하,B이하,B이하,B+,B이하,B이하,4360.0,KOSPI,운수창고업,224946000000.0
449,세방전지,B이하,B+,B이하,B이하,B+,B+,B이하,B이하,4490.0,KOSPI,전기전자,1303400000000.0
450,세아베스틸지주,B이하,B이하,B이하,B이하,B이하,B+,B이하,B+,1430.0,KOSPI,철강금속,747725000000.0
451,세아제강,B이하,B이하,B이하,B이하,B이하,B+,B이하,B이하,306200.0,KOSPI,철강금속,384886000000.0
452,세아홀딩스,B이하,B이하,B이하,B이하,B이하,B이하,B이하,B이하,58650.0,KOSPI,철강금속,429200000000.0
454,세원이앤씨,B이하,B이하,B이하,B이하,B이하,B이하,B이하,B이하,91090.0,KOSPI,기계,54838923850.0
455,세원정공,B이하,B이하,B이하,B이하,B이하,B이하,B이하,B이하,21820.0,KOSPI,운수장비,78200000000.0
456,세이브존I&C,B이하,B이하,B이하,B이하,B이하,B이하,B이하,B이하,67830.0,KOSPI,유통업,96446103250.0
457,에스제이지세종,B이하,B이하,B이하,B이하,B이하,B이하,B이하,B이하,33530.0,KOSPI,운수장비,158858000000.0
460,송원산업,B이하,B이하,B이하,B이하,B이하,B이하,B+,B이하,4430.0,KOSPI,화학,324000000000.0
461,수산중공업,B이하,B이하,B이하,B이하,B이하,B이하,B이하,B이하,17550.0,KOSPI,기계,124611000000.0
462,신대양제지,B이하,B이하,B이하,B이하,B이하,B이하,B이하,B이하,16590.0,KOSPI,종이목재,229698000000.0
463,신도리코,B이하,B이하,B+,B이하,B이하,B이하,B이하,B이하,29530.0,KOSPI,전기전자,373969000000.0
466,신성이엔지,B이하,B이하,B이하,B이하,B이하,B이하,B이하,B이하,11930.0,KOSPI,전기전자,428164000000.0
467,신성통상,B이하,B이하,B이하,B이하,B이하,B이하,B이하,B이하,5390.0,KOSPI,유통업,255657000000.0
468,신세계,B이하,B+,A,B+,A,A+,A+,A+,4170.0,KOSPI,유통업,1618550000000.0
469,신세계I&C,B이하,B+,B+,B+,B이하,B+,A,A,35510.0,KOSPI,서비스업,193500000000.0
470,신세계건설,B이하,B이하,B+,A,B+,B+,B이하,B+,34300.0,KOSPI,건설업,80709761600.0
471,신영와코루,B이하,B이하,B이하,B이하,B이하,B이하,B이하,B이하,5800.0,KOSPI,섬유의복,82620000000.0
472,신영증권,B이하,B이하,B이하,B이하,B이하,B이하,B이하,B이하,1720.0,KOSPI,증권,625509000000.0
473,신원,B이하,B이하,B이하,B이하,B이하,B이하,B이하,B이하,9270.0,KOSPI,섬유의복,131311000000.0
475,신일전자,B이하,B이하,B이하,B이하,B이하,B이하,B이하,B이하,2700.0,KOSPI,유통업,132362000000.0
476,신풍제약,B이하,B이하,B이하,B이하,B이하,B이하,B이하,B이하,19170.0,KOSPI,의약품,722715000000.0
477,신풍,B이하,B이하,B이하,B이하,B이하,B이하,B이하,B이하,2870.0,KOSPI,유통업,29470184100.0
479,신한지주,A,A,A+,A,A+,A+,A,A,55550.0,KOSPI,기타금융,22566100000000.0
481,신흥,B이하,B이하,B이하,B이하,B이하,B이하,B이하,B이하,4080.0,KOSPI,유통업,142120000000.0
482,쌍방울,B이하,B이하,B이하,B이하,B이하,B이하,B이하,B이하,102280.0,KOSPI,섬유의복,70637282701.0
483,쌍용C&E,B이하,B이하,B이하,B+,B이하,A,B이하,A,3410.0,KOSPI,비금속광물,3495870000000.0
484,써니전자,B이하,B이하,B이하,B이하,B이하,B이하,B+,B이하,4770.0,KOSPI,전기전자,72304681480.0
487,아모레퍼시픽,A,A+,A,A,A,A,A,A+,90430.0,KOSPI,화학,8288420000000.0
490,아세아,B이하,B+,B+,B+,B이하,B이하,B이하,B이하,2030.0,KOSPI,서비스업,490830000000.0
491,아세아제지,B이하,B이하,B이하,B이하,B이하,B이하,B이하,B이하,2310.0,KOSPI,종이목재,385577000000.0
493,아시아나항공,B+,B+,B+,A,B+,A+,A,B이하,20560.0,KOSPI,운수창고업,798438000000.0
494,아이에스동서,B이하,B이하,B이하,B이하,B이하,B이하,B이하,B이하,10780.0,KOSPI,비금속광물,781843000000.0
497,알루코,B이하,B이하,B이하,B이하,B이하,B이하,B이하,B이하,1780.0,KOSPI,철강금속,314699000000.0
500,에넥스,B이하,B이하,B이하,B이하,B이하,B이하,B+,B+,11090.0,KOSPI,기타제조업,28915970962.0
501,에스엘,B이하,B+,B이하,B이하,B+,B+,B+,B+,5850.0,KOSPI,운수장비,1439900000000.0
502,에스원,B+,B+,B+,B+,B이하,B+,B이하,B이하,12750.0,KOSPI,서비스업,2317950000000.0
503,SJM홀딩스,B이하,B이하,B이하,B이하,B이하,B이하,B이하,B이하,25530.0,KOSPI,유통업,54882479400.0
504,에쓰씨엔지니어링,B이하,B이하,B이하,B이하,B이하,B이하,B이하,B이하,23960.0,KOSPI,건설업,49423494464.0
506,에이프로젠,B이하,B이하,B이하,B이하,B이하,B이하,B이하,B이하,7460.0,KOSPI,기계,384544000000.0
508,엔씨소프트,B이하,B이하,B이하,B이하,B이하,B이하,B이하,B이하,36570.0,KOSPI,서비스업,3740970000000.0
509,엔케이,B이하,B이하,B이하,B이하,B이하,B이하,B이하,B이하,85310.0,KOSPI,기계,70705283168.0
510,플레이그램,B이하,B이하,B이하,B이하,B이하,B이하,B이하,B이하,9810.0,KOSPI,유통업,73895359021.0
511,NPC,B이하,B이하,B이하,B이하,B이하,B이하,B이하,B이하,4250.0,KOSPI,화학,188006000000.0
512,영보화학,B이하,B이하,B이하,B이하,B이하,B이하,B이하,B이하,14440.0,KOSPI,화학,68800000000.0
515,영진약품,B이하,B이하,B이하,B이하,B이하,B이하,B+,B이하,3520.0,KOSPI,의약품,375845000000.0
519,예스코홀딩스,B+,B+,B+,A,B+,B+,B+,B+,15360.0,KOSPI,서비스업,233400000000.0
520,오뚜기,B이하,B이하,B이하,B이하,B이하,B+,B+,A,7310.0,KOSPI,음식료품,1649220000000.0
522,오리온홀딩스,B이하,B이하,B이하,B이하,B이하,B이하,B이하,B이하,1800.0,KOSPI,기타금융,888939000000.0
524,우리금융지주,B+,A,B+,A,B이하,B이하,B이하,B+,316140.0,KOSPI,기타금융,10507700000000.0
525,팜젠사이언스,B이하,B이하,B이하,B이하,B이하,B이하,B이하,B이하,4720.0,KOSPI,의약품,94164759500.0
526,에스메디,B이하,B이하,B이하,B이하,B이하,B이하,B이하,B이하,118000.0,KOSPI,유통업,74672560849.0
528,우성,B이하,B이하,B이하,B이하,B이하,B이하,B이하,B이하,6980.0,KOSPI,음식료품,60193200000.0
532,웅진씽크빅,B+,B+,B+,B+,B이하,B이하,B이하,B이하,95720.0,KOSPI,서비스업,250648000000.0
534,윌비스,B이하,B이하,B이하,B이하,B이하,B이하,B이하,B이하,8600.0,KOSPI,유통업,32609478915.0
535,유나이티드제약,B이하,B이하,B이하,B이하,B이하,B이하,B이하,B+,33270.0,KOSPI,의약품,372411000000.0
536,유니드,B이하,B이하,B이하,B이하,B이하,B이하,B이하,B이하,14830.0,KOSPI,화학,550883000000.0
537,유니온,B이하,B이하,B이하,B이하,B이하,B이하,B이하,B이하,910.0,KOSPI,비금속광물,85707788310.0
541,유성기업,B이하,B이하,B이하,B이하,B이하,B이하,B이하,B이하,2920.0,KOSPI,운수장비,69669037500.0
542,유수홀딩스,B+,B+,B이하,B+,B이하,B이하,B+,B+,700.0,KOSPI,서비스업,141928000000.0
543,유안타증권,B이하,B이하,B이하,B이하,B이하,B이하,B이하,B이하,3470.0,KOSPI,증권,539909000000.0
545,유엔젤,B이하,B이하,B이하,B이하,B이하,B이하,B이하,B이하,72130.0,KOSPI,서비스업,44600634520.0
546,유유제약,B이하,B이하,B이하,B이하,B이하,B이하,B이하,B이하,220.0,KOSPI,의약품,80052049700.0
547,유진투자증권,B이하,B이하,B이하,B이하,B이하,B이하,B이하,B이하,1200.0,KOSPI,증권,398605000000.0
548,유한양행,B이하,B이하,B이하,B+,B이하,B이하,B이하,B+,100.0,KOSPI,의약품,5742970000000.0
549,유화증권,B이하,B이하,B이하,B이하,B이하,B이하,B이하,B이하,3460.0,KOSPI,증권,125312000000.0
550,율촌화학,B이하,B이하,B이하,B이하,B이하,B이하,B이하,B이하,8730.0,KOSPI,화학,820880000000.0
551,이건산업,B이하,B이하,B이하,B이하,B이하,B이하,B이하,B이하,8250.0,KOSPI,종이목재,59253755350.0
553,이수페타시스,B이하,B이하,B이하,B이하,B이하,A,B+,A,7660.0,KOSPI,전기전자,2270550000000.0
554,이수화학,B이하,B이하,B+,B이하,B+,B이하,B+,B+,5950.0,KOSPI,화학,266311000000.0
555,이스타코,B이하,B이하,B이하,B이하,B이하,B이하,B이하,B이하,15020.0,KOSPI,서비스업,32995732000.0
556,이아이디,B이하,B이하,B이하,B이하,B이하,B이하,B이하,B이하,93230.0,KOSPI,유통업,354103000000.0
557,이월드,B이하,B이하,B이하,B이하,B이하,B이하,B이하,B이하,84680.0,KOSPI,기타제조업,279075000000.0
558,이화산업,B이하,B이하,B이하,B이하,B이하,B이하,B이하,B이하,760.0,KOSPI,유통업,40012000000.0
559,인디에프,B이하,B이하,B이하,B이하,B이하,B이하,B이하,B이하,14990.0,KOSPI,섬유의복,51076836600.0
562,인천도시가스,B이하,B이하,B이하,B이하,B이하,B이하,B이하,B이하,34590.0,KOSPI,전기가스업,110900000000.0
563,인팩,B이하,B이하,B이하,B이하,B이하,B이하,B이하,B이하,23810.0,KOSPI,운수장비,83800000000.0
564,일동홀딩스,B이하,B이하,B이하,B이하,B이하,B이하,B이하,B+,230.0,KOSPI,의약품,99593652000.0
565,일성건설,B이하,B이하,B이하,B이하,B이하,B이하,B이하,B이하,13360.0,KOSPI,건설업,78282051120.0
567,일신방직,B이하,B이하,B이하,B이하,B이하,B이하,B이하,B이하,3200.0,KOSPI,섬유의복,200441000000.0
568,일신석재,B이하,B이하,B이하,B이하,B이하,B이하,B이하,B이하,7110.0,KOSPI,유통업,82491289650.0
569,일양약품,B이하,B이하,B이하,B이하,B이하,B이하,B이하,B이하,7570.0,KOSPI,의약품,264527000000.0
570,일정실업,B이하,B이하,B이하,B이하,B이하,B이하,B이하,B이하,8500.0,KOSPI,섬유의복,18840000000.0
571,일진다이아,B이하,B이하,B이하,B이하,B이하,B이하,B이하,B이하,81000.0,KOSPI,화학,181656000000.0
573,일진전기,B+,B+,B이하,B이하,B이하,B이하,B이하,B이하,103590.0,KOSPI,전기전자,911268000000.0
575,자화전자,B이하,B이하,B이하,B이하,B이하,B이하,B이하,B+,33240.0,KOSPI,전기전자,533956000000.0
576,전방,B이하,B이하,B이하,B이하,B이하,B이하,B이하,B이하,950.0,KOSPI,섬유의복,33684000000.0
582,제일연마,B이하,B이하,B이하,B이하,B이하,B이하,B이하,B이하,1560.0,KOSPI,비금속광물,85100000000.0
584,제일파마홀딩스,B이하,B이하,B이하,B이하,B이하,B이하,B이하,B이하,2620.0,KOSPI,서비스업,163887000000.0
585,조광페인트,B이하,B이하,B이하,B이하,B이하,B이하,B이하,B이하,4910.0,KOSPI,화학,79232000000.0
587,조비,B이하,B이하,B이하,B이하,B이하,B이하,B이하,B이하,1550.0,KOSPI,화학,66201047250.0
588,조선내화,B이하,B이하,B+,B이하,B이하,B이하,B+,B+,462520.0,KOSPI,비금속광물,191935000000.0
592,종근당홀딩스,B이하,B이하,B이하,B이하,B이하,B이하,B이하,B+,1630.0,KOSPI,의약품,309609000000.0
593,주연테크,B이하,B이하,B이하,B이하,B이하,B이하,B이하,B이하,44380.0,KOSPI,전기전자,27350050728.0
600,진양홀딩스,B이하,B이하,B이하,B이하,B이하,B이하,B이하,B이하,100250.0,KOSPI,화학,179703000000.0
602,진원생명과학,B이하,B이하,B이하,B이하,B이하,B이하,B이하,B이하,11000.0,KOSPI,의약품,194895000000.0
603,진흥기업,B이하,B이하,B+,B이하,B이하,B이하,B+,B이하,2780.0,KOSPI,건설업,137180000000.0
605,참엔지니어링,B이하,B이하,B이하,B이하,B이하,B이하,B이하,B이하,9310.0,KOSPI,기계,37171929522.0
607,청호ICT,B이하,B이하,B이하,B이하,B이하,B이하,B이하,B이하,12600.0,KOSPI,기계,116120000000.0
608,체시스,B이하,B이하,B이하,B이하,B이하,B이하,B이하,B이하,33250.0,KOSPI,운수장비,39520000000.0
609,카프로,B이하,B이하,B이하,B이하,B이하,B이하,B이하,B이하,6380.0,KOSPI,화학,29280000000.0
612,케이씨,B+,B+,B이하,B이하,B이하,B+,B+,B+,29460.0,KOSPI,의료정밀,284635000000.0
613,KCC,B이하,B이하,B이하,B이하,B이하,A+,A,B+,2380.0,KOSPI,화학,2146080000000.0
614,KCTC,B이하,B이하,B이하,B이하,B이하,B+,B+,B+,9070.0,KOSPI,운수창고업,113100000000.0
615,KT,A,A,A,B+,B+,A,B+,A,30200.0,KOSPI,통신업,8820760000000.0
616,KT&G,B+,A+,A,A,B+,B+,A+,A+,33780.0,KOSPI,기타제조업,11846300000000.0
618,코리아써키트,B이하,B이하,B이하,B이하,B이하,B이하,B이하,B+,7810.0,KOSPI,전기전자,365413000000.0
619,코리안리,B이하,B이하,B이하,B이하,B이하,B이하,B이하,B이하,3690.0,KOSPI,보험,1319630000000.0
620,코스맥스비티아이,B이하,B이하,B이하,B이하,B이하,B이하,B이하,B이하,44820.0,KOSPI,기타금융,91333288710.0
621,코스모신소재,B이하,B이하,B이하,B+,B+,B이하,B이하,B이하,5070.0,KOSPI,화학,4931880000000.0
622,코스모화학,B이하,B이하,B이하,B이하,B이하,B이하,B이하,B이하,5420.0,KOSPI,화학,1219460000000.0
623,코아스,B이하,B이하,B이하,B이하,B이하,B이하,B이하,B이하,71950.0,KOSPI,기타제조업,14062780550.0
624,코오롱,B이하,B+,B이하,B이하,B이하,B이하,B+,B이하,2020.0,KOSPI,기타금융,202780000000.0
625,코오롱글로벌,B이하,B이하,B이하,B이하,B이하,B+,B이하,B이하,3070.0,KOSPI,건설업,161496000000.0
627,코웨이,A,A,A,A,A,A+,A+,A+,21240.0,KOSPI,서비스업,4125400000000.0
628,콤텍시스템,B이하,B이하,B이하,B이하,B이하,B이하,B이하,B이하,31820.0,KOSPI,서비스업,82557099812.0
629,크라운해태홀딩스,B이하,B이하,B이하,B이하,B이하,B이하,B+,B+,5740.0,KOSPI,기타금융,88341714650.0
630,키움증권,B이하,B이하,B이하,B이하,B이하,B+,B이하,B이하,39490.0,KOSPI,증권,3435700000000.0
632,태경산업,B이하,B이하,B이하,B이하,B이하,B이하,B이하,B이하,15890.0,KOSPI,화학,172157000000.0
633,태경케미컬,B이하,B이하,B이하,B이하,B이하,B이하,B이하,B이하,6890.0,KOSPI,화학,157180000000.0
634,태광산업,B이하,B이하,B이하,B이하,B이하,B+,B이하,B이하,3240.0,KOSPI,화학,702555000000.0
636,태양금속,B이하,B이하,B이하,B이하,B이하,B이하,B이하,B이하,4100.0,KOSPI,운수장비,72188900000.0
639,TP,B이하,B이하,B이하,B이하,B이하,B+,B+,B+,7980.0,KOSPI,섬유의복,85001890930.0
641,텔코웨어,B이하,B이하,B이하,B이하,B이하,B이하,B이하,B이하,78000.0,KOSPI,서비스업,99452736500.0
642,TBH글로벌,B이하,B이하,B이하,B이하,B이하,B이하,B이하,B이하,84870.0,KOSPI,섬유의복,36979140087.0
643,티에이치엔,B이하,B이하,B이하,B이하,B이하,B이하,B이하,B이하,19180.0,KOSPI,전기전자,63900000000.0
647,팜스코,B이하,B이하,B이하,B이하,B이하,B이하,B이하,B이하,36580.0,KOSPI,음식료품,106327000000.0
649,퍼스텍,B이하,B이하,B이하,B이하,B이하,B이하,B이하,B이하,10820.0,KOSPI,기계,163630000000.0
650,퍼시스,B이하,B이하,B이하,B이하,B이하,B이하,B이하,B이하,16800.0,KOSPI,기타제조업,407100000000.0
651,페이퍼코리아,B이하,B이하,B이하,B이하,B이하,B이하,B이하,B이하,1020.0,KOSPI,종이목재,150574000000.0
652,평화산업,B이하,B이하,B이하,B이하,B이하,B+,B이하,B이하,90080.0,KOSPI,운수장비,61490530080.0
653,평화홀딩스,B이하,B이하,B이하,B이하,B이하,B+,B이하,B이하,10770.0,KOSPI,운수장비,43876398000.0
654,POSCO홀딩스,A+,A+,A,A,A,A+,A,A,5490.0,KOSPI,철강금속,33405600000000.0
655,포스코스틸리온,B이하,B+,B+,B이하,B+,B+,A,A,58430.0,KOSPI,철강금속,279300000000.0
656,포스코인터내셔널,B이하,B+,B+,B+,B+,B+,A,A+,47050.0,KOSPI,유통업,7890140000000.0
659,풀무원,A,B+,A,A,B+,A+,A,A,17810.0,KOSPI,음식료품,470026000000.0
661,풍산,B이하,B이하,B이하,B이하,B이하,B이하,B이하,B+,103140.0,KOSPI,철강금속,1670250000000.0
662,풍산홀딩스,B이하,B이하,B이하,B이하,B이하,B이하,B이하,B+,5810.0,KOSPI,기타금융,418822000000.0
663,KH필룩스,B이하,B이하,B이하,B이하,B이하,B이하,B+,B이하,33180.0,KOSPI,전기전자,120579000000.0
664,하나금융지주,B+,A,B+,B+,B+,A,A,A,86790.0,KOSPI,기타금융,16664300000000.0
