종목명,2024통합등급,2024환경,2024사회,2024지배구조,2023통합등급,2023환경,2023사회,2023지배구조,2022통합등급,2022환경,2022사회,2022지배구조,2021통합등급,2021환경,2021사회,2021지배구조,2020통합등급,2020환경,2020사회,2020지배구조
AJ네트웍스  ,B+,C,A,B+,B+,C,A,B+,B+,C,B+,B+,B,D,B,B,B,D,B,B
AK홀딩스  ,A,A,A+,B+,A,A,A+,B+,B+,B,A,B,B+,B,B+,B+,B+,C,B+,B+
BGF  ,A,A,A+,B+,A,A,A+,B+,B+,A,A+,B,A,A,A+,A,B+,B,A,B+
BGF리테일  ,A,A,A+,A,A,A,A+,A,A,A,A+,A,A,A,A+,A,A,B+,B+,A
BNK금융지주  ,A,A,A+,A,A,A,A+,A,A,A,A,A,A+,A,A+,A+,A+,B+,A+,A+
BYC  ,D,D,D,D,D,D,D,D,D,D,D,D,B,D,B,B+,B,D,B,B+
CJ  ,A,A,A+,B+,A,A,A+,B+,B+,B+,A,B+,A,B+,A+,A,A,B,A,A
CJ CGV  ,A,A,A+,B+,A,A,A+,B+,B+,B,B+,B+,A,B,A,A,A,B,A,A
CJ대한통운  ,A,A,A+,B+,A,A,A+,B+,B+,B+,A+,B,A,A,A+,A,A,A,B,A
CJ씨푸드  ,B+,B+,A,B,B+,B+,A,B,B,C,B,B,B,C,B+,B+,B,C,B+,B+
CJ제일제당  ,A,A,A+,A,A,A,A+,A,A,A,A,B+,A,A,A+,A,A,A,A+,A
CS홀딩스  ,C,D,D,B,C,D,D,B,C,D,D,B,B,D,C,B+,C,D,C,B
DB  ,C,D,B,C,C,D,B,C,B,D,B,B+,B,D,B+,B+,B,D,B,B
DB금융투자  ,B,C,B,B+,B,C,B,B+,B,C,B,B,B,D,B+,B,B,D,A,B
DB손해보험  ,B+,B+,A,B+,B+,B+,A,B+,B+,B+,A,B+,A,A,A+,B+,B+,A,A,B+
DB하이텍  ,B+,A,A,B,B+,A,A,B,B,B,B+,B,A,A,A,A,B+,B+,A,B+
DGB금융지주  ,A,A+,A+,A,A,A+,A+,A,A,A+,A+,A,A+,A,A+,A+,A+,A,A+,A+
DL  ,A,A,A,A,A,A,A,A,A,A,A+,A,A,A+,A+,B+,B+,A,B+,B+
DL건설  ,A,A,A+,B+,A,A,A+,B+,A,A,A,B+,B+,B+,A,B+,B,B,B+,B
DL이앤씨  ,A,A,B+,A,A,A,B+,A,A,A,A,A,-,-,-,-,,,,
DN오토모티브  ,C,C,B,D,C,C,B,D,C,C,D,B,B,B,C,B+,B,B,C,B
DRB동일  ,B+,B,A,B+,B+,B,A,B+,C,D,B+,B,B+,B,B+,B+,B,B,B,B
DSR  ,D,C,C,D,D,C,C,D,D,D,C,D,B,B,B,B,C,B,B,C
DSR제강  ,C,C,C,B,C,C,C,B,C,D,C,B,C,C,C,B+,C,C,B,C
E1  ,A,A,A,B+,A,A,A,B+,B+,B+,B+,B+,B+,B+,A,B+,B,C,A,B+
ESR켄달스퀘어리츠  ,-,-,-,-,-,-,-,-,-,-,-,-,,,,,,,,
F&F  ,B+,B+,A+,B,B+,B+,A+,B,-,-,-,-,-,-,-,-,,,,
F&F 홀딩스  ,A,B+,A+,B+,A,B+,A+,B+,B,B,B+,B,B+,B+,A,B+,D,D,C,C
GKL  ,B+,B,A,B+,B+,B,A,B+,A,B,A,A,B+,B+,B+,B+,B+,C,A,A
GS  ,B,B+,A+,C,B,B+,A+,C,A,B+,A+,A,A,A,A,A,B+,C,A,A
GS건설  ,A,A,B+,A,A,A,B+,A,A,A,A,A,A,A,A+,A,A,A,B+,A
GS글로벌  ,B+,B+,B+,B+,B+,B+,B+,B+,B+,C,B+,B+,B+,B,B+,A,B,D,B+,B+
GS리테일  ,A,A+,A,A,A,A+,A,A,A,B+,A,A,A,A,A,A,B,C,B,B+
HDC  ,B+,B+,A,B,B+,B+,A,B,C,D,B,C,B+,B,B+,A,B+,C,B+,B+
HDC랩스  ,D,D,D,C,D,D,D,C,D,D,D,D,B,C,B,B+,C,D,C,B
HDC현대EP  ,B+,B+,B+,B,B+,B+,B+,B,C,C,B,C,B+,B,B+,B+,B,B,B+,B
HDC현대산업개발  ,B+,B+,A,B,B+,B+,A,B,C,D,C,B,B,B,C,B+,C,C,C,B+
HD한국조선해양  ,A,A,A+,A,A,A,A+,A,B+,B+,A,B+,A,A,B+,A,B+,B+,C,A
HD현대  ,A,B+,A+,B+,A,B+,A+,B+,A,B+,A,A,A,A,A+,A,A,B+,A,A
HD현대건설기계  ,A+,A+,A+,A,A+,A+,A+,A,A,B+,A,A,A,B+,A+,A,A,B+,A,A
HD현대미포  ,A,A,A+,B+,A,A,A+,B+,B+,B+,A,B+,A,A,A+,A,A,A,A+,A
HD현대에너지솔루션  ,A,A,A,B+,A,A,A,B+,A,A,A+,B+,A,A,A+,B+,,,,
HD현대인프라코어  ,A,A+,A+,B+,A,A+,A+,B+,B+,B+,A,B+,A,A,A+,A,A,A,A+,A
HD현대일렉트릭  ,A,A,A+,A,A,A,A+,A,B+,B+,A,B+,A,A,A+,A,A,A,A+,A
HD현대중공업  ,A,A,A,B+,A,A,A,B+,B+,B+,A,B+,-,-,-,-,,,,
HJ중공업  ,B+,B,B+,B+,B+,B,B+,B+,B,C,B+,B+,B,C,B,B+,B,B,B,B+
HL D&I  ,A,A,A+,B+,A,A,A+,B+,B+,B+,A,B+,B+,B+,B+,B+,B+,B,B+,B+
HLB글로벌  ,D,D,D,D,D,D,D,D,D,D,C,D,C,D,C,B,C,D,B,C
HL만도  ,A,B+,A+,A,A,B+,A+,A,A,A,A,B+,A,B+,A+,A,A,A,A+,A
HL홀딩스  ,A,A,A+,A,A,A,A+,A,B+,B+,A,B+,A,B,A+,A,B+,B,B+,A
HMM  ,A,A+,A+,B+,A,A+,A+,B+,A,A+,A,B+,A,A,A+,A,A,A,A+,A
HS애드  ,B,D,C,B+,B,D,C,B+,B,D,B,B+,B,D,B,B,B,D,B+,B+
JB금융지주  ,A,A+,A,A,A,A+,A,A,A,A,A+,A,A+,A,A+,A+,A+,A,A,A+
JW생명과학  ,B+,B+,A,B,B+,B+,A,B,C,C,B+,C,B,B,B+,B,B+,B+,B+,B+
JW중외제약  ,B+,B,A,B+,B+,B,A,B+,C,B,B+,D,B,C,B+,B+,B,B,B+,B
JW홀딩스  ,B+,B,A,B+,B+,B,A,B+,B+,C,B+,B+,B,D,B+,B+,B+,C,B+,B+
KB금융  ,A+,A+,A+,A+,A+,A+,A+,A+,A+,A+,A+,A+,A+,A+,A+,A+,A+,A+,A+,A+
KC그린홀딩스  ,C,C,D,C,C,C,D,C,D,D,D,C,B,D,C,B+,B,B,B+,B
KC코트렐  ,C,C,D,C,C,C,D,C,D,D,D,C,C,D,C,B+,B,B,B,B
KEC  ,D,C,C,D,D,C,C,D,C,C,D,C,B,B,B+,B,B,B+,B+,C
KG모빌리티  ,D,C,C,D,D,C,C,D,,,,,,,,,B+,B+,B,B+
KG스틸  ,B,B+,A,C,B,B+,A,C,C,B,B+,D,B,B+,B,B,B,B,B+,B
KG케미칼  ,C,C,D,C,C,C,D,C,D,D,D,D,C,C,C,B,D,C,C,D
KH 필룩스  ,D,C,C,D,D,C,C,D,D,D,C,D,C,C,B,C,C,C,B,B
KIB플러그에너지  ,D,D,D,D,D,D,D,D,D,D,C,D,C,D,C,B,C,B,C,C
KISCO홀딩스  ,D,C,D,D,D,C,D,D,C,C,D,C,B,B,B,B,C,B,B,C
KPX케미칼  ,C,C,C,C,C,C,C,C,D,C,C,D,C,B,C,C,B,B,C,B
KPX홀딩스  ,C,C,C,C,C,C,C,C,C,D,C,C,B,B,C,B+,C,C,C,B
KR모터스  ,D,D,D,D,D,D,D,D,D,D,D,D,C,D,C,B,C,D,C,B
KSS해운  ,B+,B+,A,B+,B+,B+,A,B+,B+,B+,A,B+,A,B+,A+,A,B+,B,B+,B+
KTcs  ,A,A,A,A,A,A,A,A,A,B+,A,A,A,B+,A,A,B,D,B+,B+
KTis  ,B+,B+,A,B+,B+,B+,A,B+,B+,B+,B+,B+,A,B+,A+,A,B,D,B+,B+
LF  ,B+,B,B,B+,B+,B,B,B+,B,D,B,B+,B,D,B,B+,B,D,B,B+
LG  ,A,A,A+,A,A,A,A+,A,A,B+,A+,A,A,A,A+,A,A,B+,A+,B+
LG디스플레이  ,B+,A,A+,B,B+,A,A+,B,A,A,A,B+,B+,B,A,B+,B+,B,A,B+
LG생활건강  ,A,A,A+,A,A,A,A+,A,A,A,A+,A,A,A,A+,A,A,A,A+,A
LG에너지솔루션  ,-,-,-,-,-,-,-,-,-,-,-,-,-,-,-,-,,,,
LG유플러스  ,A,A,A,A,A,A,A,A,A,A,B+,A,A,A,A+,A,B,B+,B+,B
LG이노텍  ,A,A,A+,A,A,A,A+,A,A,A,A+,A,A,A,A+,A,A,A,A+,B+
LG전자  ,A,A+,A,A,A,A+,A,A,A,A,A+,A,A,A,A+,A,B+,A,A+,B
LG헬로비전  ,A,B+,A+,A,A,B+,A+,A,A,B,A,A,B+,C,A,A,B+,D,B+,A
LG화학  ,A,B+,A+,A,A,B+,A+,A,B,C,A,B+,B+,B+,A,B+,B,C,A,B+
LIG넥스원  ,A,A,A+,A,A,A,A+,A,A,A,A+,A,A,A,A+,A,A,B+,A,A
LS  ,A,A,A,A,A,A,A,A,C,B+,A,C,A,B+,A+,B+,B+,B,B+,A
LS네트웍스  ,B+,B,A,B+,B+,B,A,B+,B,C,B+,B,C,D,C,B,B,D,B+,B
LS에코에너지  ,C,D,C,B,C,D,C,B,C,D,D,B,B,D,C,B+,B,D,C,B+
LX세미콘  ,B+,A,A,B+,B+,A,A,B+,A,A,A+,B+,B+,B,B+,B+,B,C,B+,B+
LX인터내셔널  ,B+,B+,A+,B,B+,B+,A+,B,A,B+,A,A,A,A,A+,A,A,A,A+,A
LX하우시스  ,A,A,A,B+,A,A,A,B+,A,B+,A,A,A,A,A+,A,A,A,A+,A
LX홀딩스  ,B+,B+,A,B+,B+,B+,A,B+,-,-,-,-,,,,,,,,
MH에탄올  ,D,D,D,C,D,D,D,C,C,C,D,B,B,B,D,B+,B,C,B,B+
NAVER  ,A+,A,A+,A+,A+,A,A+,A+,A,A,A,A,A+,A,A,A+,A,B+,B+,A+
NH투자증권  ,A,A,A,A,A,A,A,A,B+,A,A,B+,A,A,A+,A,B+,B,A+,B+
NICE  ,B+,B,A,B+,B+,B,A,B+,B+,C,B+,B+,B+,B,A,B+,B,D,B,B+
NICE평가정보  ,-,-,-,-,-,-,-,-,-,-,-,-,B+,B,A,B,B,D,B,B
NI스틸  ,D,D,D,D,D,D,D,D,D,D,D,C,C,D,C,B,C,D,C,B
OCI홀딩스  ,A,A,A,A,A,A,A,A,A,B+,A,A,A,B+,A+,A,A,A,A+,A
PI첨단소재  ,B+,B+,A,B,B+,B+,A,B,-,-,-,-,B+,B+,B,B+,B,C,B,B+
POSCO홀딩스  ,A+,A,A+,A+,A+,A,A+,A+,A,A,A,A+,A,A,B+,A+,A,A,B,A+
SBS  ,B+,B+,A,B+,B+,B+,A,B+,C,D,D,B+,B,D,B+,B+,B,C,B,B+
SGC에너지  ,B+,A,A,B,B+,A,A,B,B+,B+,A,B+,B+,B+,A,B+,C,C,B,C
SG글로벌  ,D,C,D,D,D,C,D,D,D,D,D,D,C,C,C,C,D,C,C,D
SG세계물산  ,D,D,D,D,D,D,D,D,D,D,D,D,C,D,B,C,C,D,B,C
SHD  ,C,D,D,B,C,D,D,B,D,D,D,C,C,D,C,B,D,D,C,D
SH에너지화학  ,C,C,D,B,C,C,D,B,C,C,D,B+,B,B,D,B+,C,C,C,B+
SIMPAC  ,D,C,C,D,D,C,C,D,D,D,C,D,B,B,B,B,C,C,B,C
SK  ,A+,A,A+,A+,A+,A,A+,A+,A+,A,A,A+,A+,A+,A+,A+,A+,A,A+,A+
SKC  ,A+,A+,A+,A,A+,A+,A+,A,A,B+,A+,A,A,A,A+,B+,B+,B+,A+,B
SK가스  ,A+,A+,A+,A,A+,A+,A+,A,A,A,A+,A,A,A,A+,A,A,B+,A+,A
SK네트웍스  ,A,A,A+,A,A,A,A+,A,A,A,A+,B+,A,B+,A+,A,A,B+,A+,A
SK디스커버리  ,A,A+,A+,A,A,A+,A+,A,A,A,A+,B+,A,A,A+,A,A,B,A,A
SK디앤디  ,A,A,A+,A,A,A,A+,A,A,A,A,A,A,A,A+,A,B,C,B,B+
SK렌터카  ,A,A+,A+,A,A,A+,A+,A,B+,A,A,B+,A,B+,A+,B+,B,B,C,B
SK바이오사이언스  ,A,B+,A,A,A,B+,A,A,A,A,A+,A,-,-,-,-,,,,
SK스퀘어  ,A,A,A+,A,A,A,A+,A,-,-,-,-,,,,,,,,
SK아이이테크놀로지  ,A,A,A+,B+,A,A,A+,B+,-,-,-,-,-,-,-,-,,,,
SK이노베이션  ,A+,A,A+,A+,A+,A,A+,A+,A,B+,A+,A+,A+,A,A+,A+,A,A,A,A
SK증권  ,B+,B,B+,B+,B+,B,B+,B+,B+,C,B+,B+,B+,C,A,B+,B,D,A,B
SK케미칼  ,A+,A+,A+,A,A+,A+,A+,A,A+,A+,A+,A,A,A,A+,A,B+,B+,A,B+
SK텔레콤  ,A,A,A,A,A,A,A,A,A,A+,A,A,A,A,A+,A,A,A+,A,A
SK하이닉스  ,A,A,A+,A,A,A,A+,A,B+,B+,A,B+,A,B+,A+,A,A,A,A+,A
SNT다이내믹스  ,C,C,C,C,C,C,C,C,C,C,C,B,B,B,C,B,B+,B+,B+,B+
SNT모티브  ,C,C,C,C,C,C,C,C,C,C,D,B,B,C,B,B+,B+,B,B+,B+
SNT에너지  ,D,D,C,D,D,D,C,D,C,D,C,C,B,B,B,B,B+,B,B,B+
SNT홀딩스  ,B,C,C,B+,B,C,C,B+,C,C,C,B,B+,B,B,B+,B+,C,B+,B+
S-Oil  ,A+,A,A+,A+,A+,A,A+,A+,A,B,A+,A+,A,B+,A+,A+,A+,A,A+,A+
SPC삼립  ,D,C,C,D,D,C,C,D,B,C,B+,B,B+,B,A,B+,B+,B,A,B
STX  ,C,D,C,C,C,D,C,C,C,D,C,C,B,D,B,B+,B,C,B+,B
STX엔진  ,C,C,B,D,C,C,B,D,C,D,B,D,B+,B,B,B+,B+,B+,B+,B
STX중공업  ,C,C,C,B,C,C,C,B,C,D,B,B,B,C,B,B+,B,C,B+,B+
SUN&L  ,C,C,C,C,C,C,C,C,C,D,C,B,B+,B,B,B+,B+,B,B,B+
TCC스틸  ,C,B+,B+,D,C,B+,B+,D,C,C,C,C,B,B,C,B,C,B,B,C
TP  ,D,D,C,D,D,D,C,D,C,D,B,D,B,C,B+,B,C,D,B+,B
TYM  ,B+,B+,A,B,B+,B+,A,B,B+,B,B+,B+,A,B+,A+,B+,B+,B,B+,B+
WISCOM  ,C,C,C,B,C,C,C,B,C,D,D,B,C,C,C,B+,C,C,C,B+
YG PLUS  ,D,D,D,D,D,D,D,D,D,D,D,D,C,D,C,B,B,D,B,B
가온전선  ,B+,B+,A,B,B+,B+,A,B,B,C,B+,B+,B+,B,B+,B+,B+,B,B+,B+
강남제비스코  ,B+,B+,B+,B+,B+,B+,B+,B+,C,C,B,B,B,B,B,B+,B,B,C,B
강원랜드  ,A,A+,A+,A,A,A+,A+,A,A,B+,A+,A,A,B+,A,A,A,B,A,A
갤럭시아에스엠  ,D,D,D,D,D,D,D,D,D,D,D,D,C,D,D,B,C,D,C,C
경농  ,C,C,D,B+,C,C,D,B+,C,C,D,B,B,B,B,B,C,B,B+,C
경동나비엔  ,B,B+,A,C,B,B+,A,C,C,C,B,D,B+,B+,B+,B+,B+,B,B+,B+
경동도시가스  ,C,C,B+,D,C,C,B+,D,B,C,B+,B,A,B+,A,A,B+,B,A,B+
경동인베스트  ,C,C,B+,C,C,C,B+,C,C,C,B+,C,B+,B+,A,B+,B,C,B,B+
경방  ,C,C,D,C,C,C,D,C,D,C,D,D,C,C,C,B+,C,C,B,B
경보제약  ,B+,B+,A,B+,B+,B+,A,B+,B+,B,A,B+,B+,B+,A,B+,B,B,B,B
경인양행  ,C,B+,B+,D,C,B+,B+,D,C,B,B+,D,C,C,B,B,B,B,C,B
경인전자  ,D,D,D,C,D,D,D,C,D,D,D,D,C,D,C,B,C,D,C,B
계룡건설산업  ,B+,B+,B+,B,B+,B+,B+,B,C,B,B,C,C,D,D,B+,B,B,B,B+
계양전기  ,C,C,C,C,C,C,C,C,C,C,B,D,B,B,B+,B,B,B,B+,B
고려산업  ,D,D,D,C,D,D,D,C,D,D,D,D,C,C,D,B,C,C,C,C
고려아연  ,B,A,A,C,B,A,A,C,B,B+,A,C,B,B+,C,B+,B,B+,C,B+
고려제강  ,C,C,B,D,C,C,B,D,D,C,C,D,B+,B+,B,B+,B,B+,B+,C
광동제약  ,C,C,B,C,C,C,B,C,C,D,B,B,B,C,B+,B+,B,C,B+,B+
광명전기  ,D,C,C,D,D,C,C,D,D,D,C,D,C,C,D,B,C,C,C,C
광전자  ,D,C,D,D,D,C,D,D,D,D,D,C,B,C,B,B+,B,C,B,B+
광주신세계  ,A,A,A+,A,A,A,A+,A,B+,B+,A,B+,A,B+,A,A,B+,C,A,B+
교보증권  ,B+,A,A,B+,B+,A,A,B+,B+,B+,B+,B+,B,D,B+,B,B,D,B+,B
교촌에프앤비  ,C,C,C,B,C,C,C,B,C,D,C,B,,,,,,,,
국도화학  ,D,C,D,D,D,C,D,D,D,C,D,D,B,B,C,B+,B,B,B,B
국동  ,C,D,C,C,C,D,C,C,D,D,C,D,B,D,B,B+,B,D,C,B+
국보  ,D,C,D,D,D,C,D,D,D,D,D,D,D,D,D,C,C,B,C,C
국제약품  ,C,D,C,B,C,D,C,B,C,D,C,B,B,D,B,B+,C,D,B,C
그린케미칼  ,C,C,C,B,C,C,C,B,D,D,D,D,B,B,C,B,B,B,B,B
극동유화  ,D,D,D,D,D,D,D,D,D,D,C,D,B,B,C,B,B,B,C,B
금강공업  ,C,C,D,B,C,C,D,B,C,D,D,B,C,C,C,B+,C,C,B,B
금비  ,D,C,D,D,D,C,D,D,D,D,D,D,C,C,C,B,C,C,B,C
금양  ,D,D,D,D,D,D,D,D,D,D,D,C,C,D,C,B+,D,D,C,C
금호건설  ,B,B,B+,B,B,B,B+,B,C,C,B+,D,C,C,D,C,C,B,B+,C
금호석유화학  ,A,A,A+,A,A,A,A+,A,A,B+,A,A,B+,B,A,A,A,B+,A,A
금호에이치티  ,D,C,C,D,D,C,C,D,D,D,D,D,C,C,C,B,D,D,C,C
금호전기  ,D,C,C,D,D,C,C,D,D,D,C,D,B,C,B,B+,B,B,B,B
금호타이어  ,A,A,A+,B+,A,A,A+,B+,B+,B,A,B,B+,B+,A,B+,B,B,C,B+
기신정기  ,D,D,D,D,D,D,D,D,D,D,D,D,C,D,C,B,C,D,B,B
기아  ,B,A,A+,C,B,A,A+,C,B+,A,A,B,A+,A+,A+,A,A,A,A+,B+
기업은행  ,A,A+,A+,A,A,A+,A+,A,A,A+,A+,B+,A,A,A+,A,B+,B+,A,B+
까뮤이앤씨  ,C,D,D,B,C,D,D,B,C,D,D,B,C,D,C,B+,C,D,C,B
깨끗한나라  ,B+,B+,B+,B,B+,B+,B+,B,C,C,B,C,B,B+,B,B,B+,B,B+,B+
남광토건  ,D,C,D,D,D,C,D,D,C,D,D,B,C,D,C,B,B,B,B,B
남선알미늄  ,D,C,C,D,D,C,C,D,D,D,D,C,C,C,B,B,B,C,B+,B
남성  ,D,D,D,C,D,D,D,C,D,D,D,D,C,D,C,B,C,D,B,B
남양유업  ,B,B+,A,C,B,B+,A,C,C,B,B+,D,B+,B+,B+,B+,B,C,B,B+
남해화학  ,C,C,C,C,C,C,C,C,C,C,C,C,B,C,B,B+,B,B,B,B+
넥센  ,B+,B+,A,B,B+,B+,A,B,B+,B+,A,B,B+,B+,A,B,B+,B,B+,B+
넥센타이어  ,B+,A,A,B,B+,A,A,B,B+,B+,A,B,B+,B+,A,B+,B+,B+,B+,B
넷마블  ,B+,B+,A,B+,B+,B+,A,B+,B,C,B+,B,B+,D,B+,A,B,D,B+,B+
노루페인트  ,B+,A,A+,B,B+,A,A+,B,A,B+,A+,B+,A,A,A+,B+,B,B,B,B
노루홀딩스  ,A,A,A+,B+,A,A,A+,B+,A,B+,A+,B+,A,A,A+,B+,C,C,B,C
녹십자  ,B+,B+,A,B,B+,B+,A,B,B+,B,A,B,B+,B+,B+,B+,B+,B,A,B
녹십자홀딩스  ,B+,B+,A,B+,B+,B+,A,B+,B+,B,A,B+,B+,B+,B+,B+,B,C,B+,B
농심  ,B+,A,A,B,B+,A,A,B,C,B,A,D,B+,B,A,B,B+,B+,A,B
농심홀딩스  ,B+,B+,A,B,B+,B+,A,B,C,B,B+,C,B+,B,A,B+,B+,B,B+,B+
다스코  ,C,C,C,C,C,C,C,C,D,D,D,C,B,B,C,B+,B,C,B,B+
다올투자증권  ,B+,B+,B+,B+,B+,B+,B+,B+,B+,B,B,B+,B+,C,A,B+,C,D,B,C
다우기술  ,B+,A,A+,B,B+,A,A+,B,C,B+,A,C,B+,B,A,B+,B,C,B+,B
다이나믹디자인  ,D,D,D,D,D,D,D,D,D,D,D,C,C,C,C,C,C,D,C,C
대교  ,B+,C,B+,B+,B+,C,B+,B+,B,D,B+,B+,B+,D,B+,A,B+,D,B+,A
대구백화점  ,C,D,C,B,C,D,C,B,C,D,D,B+,B,D,B+,B+,B,D,B,B+
대덕  ,B+,A,A,B,B+,A,A,B,B+,B,A,B,A,B+,A,A,A,B+,A,A
대덕전자  ,A,A,A,B+,A,A,A,B+,B+,B,A,B+,,,,,,,,
대동  ,C,B,A,D,C,B,A,D,D,C,C,D,B+,B,B,B+,B,B,B,B
대동전자  ,D,D,D,C,D,D,D,C,C,D,D,B,C,C,C,B+,C,B,C,C
대림비앤코  ,C,C,C,C,C,C,C,C,D,D,D,C,C,C,C,B+,B,C,B,B+
대림통상  ,D,C,C,D,D,C,C,D,D,D,D,D,C,C,C,C,B,B,B,B
대상  ,A,A,A+,B+,A,A,A+,B+,B+,A,A+,B,A,A,A+,B+,B,B,B+,B
대상홀딩스  ,B+,A,A+,B,B+,A,A+,B,B+,A,A+,B,A,A,A+,B+,B,C,B,B
대성산업  ,D,D,D,D,D,D,D,D,D,D,C,D,C,C,C,B+,C,C,B,C
대성에너지  ,C,C,C,C,C,C,C,C,C,D,B,C,B,B,B,B,B,B,B+,B
대성홀딩스  ,C,C,C,C,C,C,C,C,C,D,B,C,B,C,B+,B,B,C,B+,B
대신증권  ,B+,B,A,B+,B+,B,A,B+,B+,B,B+,B+,A,B,A+,A,B,D,B+,B+
대양금속  ,D,C,C,D,D,C,C,D,D,D,D,D,C,C,C,B,B,B,C,B
대영포장  ,D,D,C,D,D,D,C,D,D,D,D,D,C,C,C,C,C,B,C,D
대우건설  ,A,A+,B+,A,A,A+,B+,A,B+,B+,B+,B+,A,B+,A,A,B+,A,B,B+
대우부품  ,D,D,D,D,D,D,D,D,D,D,D,D,C,C,C,B,D,D,C,C
대웅  ,B+,A,A,B+,B+,A,A,B+,B+,B,A,B,B,D,B+,B,C,C,B+,C
대웅제약  ,B+,A,A,B,B+,A,A,B,B+,B,A,B,C,D,B,B,B+,B,B+,B+
대원강업  ,C,B,B+,C,C,B,B+,C,C,C,D,C,B,B,C,B+,B,B,B+,B
대원전선  ,D,C,D,D,D,C,D,D,D,D,D,D,C,C,C,B,C,C,C,C
대원제약  ,B,C,B,B+,B,C,B,B+,B,D,B,B+,B,D,B,B+,B,D,B+,B+
대원화성  ,D,C,D,D,D,C,D,D,D,C,C,D,B,B,B,B+,B+,B+,B,B+
대유에이텍  ,C,C,B,D,C,C,B,D,D,D,C,D,C,C,C,B,C,C,C,C
대유플러스  ,D,C,D,D,D,C,D,D,D,D,D,D,C,C,C,C,C,C,C,C
대창  ,D,C,D,D,D,C,D,D,D,D,C,D,C,B,B,C,C,B+,B,C
대창단조  ,C,C,D,C,C,C,D,C,C,C,C,C,B,B,C,B+,B,B,B,B
대한방직  ,C,C,D,B,C,C,D,B,C,D,D,B,C,C,C,B+,C,C,C,B+
대한유화  ,B+,B+,B+,B,B+,B+,B+,B,C,B,B,D,B,B,B,B+,B,B+,B+,C
대한전선  ,A,A,A+,B+,A,A,A+,B+,A,B+,A+,B+,A,A,A+,A,B+,B,B+,B+
대한제강  ,C,C,C,C,C,C,C,C,D,D,D,C,B,B,B,B,B,B+,B,B
대한제당  ,C,C,C,C,C,C,C,C,D,D,D,C,B,B,C,B+,C,C,C,B
대한제분  ,D,C,D,D,D,C,D,D,D,C,D,D,B,C,C,B+,C,C,B,C
대한항공  ,A,A,A+,A,A,A,A+,A,A,A,A,A,A,A,A+,A,A,A,A+,B+
대한해운  ,C,B,B+,D,C,B,B+,D,C,C,B+,C,B,D,B,B+,B,C,B,B
대한화섬  ,C,C,D,B,C,C,D,B,C,C,C,B,B+,B,B+,B+,C,B,B+,C
대현  ,C,D,D,B+,C,D,D,B+,C,D,D,B+,B,D,B,B+,C,D,C,B
대호에이엘  ,C,C,D,B,C,C,D,B,D,C,D,D,B,B,C,B,B,B,C,B
더블유게임즈  ,B,D,C,B+,B,D,C,B+,B,D,C,B+,B,D,B+,B+,B,D,B+,B+
더존비즈온  ,C,D,B,D,C,D,B,D,D,D,C,D,B,C,B,B,B,C,B+,B
덕성  ,C,C,D,B,C,C,D,B,D,D,C,C,C,C,C,B+,B,B,C,B+
덕양산업  ,C,D,B,D,C,D,B,D,D,D,C,D,C,C,C,B,B,B,B,B
덴티움  ,D,D,D,D,D,D,D,D,D,D,C,D,B,D,B,B+,C,D,C,B+
도화엔지니어링  ,B,C,B,B,B,C,B,B,C,D,C,C,B+,B,B,B+,B+,B,B,B+
동국홀딩스  ,A,A,A,B+,A,A,A,B+,B,B+,B,B,B+,B+,B,B+,B+,B+,B+,B
동남합성  ,D,D,D,C,D,D,D,C,C,D,D,B,C,D,C,B,C,D,C,B
동방  ,C,C,B,D,C,C,B,D,D,C,C,D,C,B,D,B,C,B,C,C
동방아그로  ,C,D,C,B,C,D,C,B,D,D,D,C,C,D,C,B+,C,D,C,B
동부건설  ,B+,B+,B+,B,B+,B+,B+,B,C,C,B+,C,C,C,D,B+,C,C,B,B
동서  ,D,C,C,D,D,C,C,D,D,C,C,D,C,D,C,B,C,D,B,C
동성제약  ,C,D,C,B,C,D,C,B,C,D,D,B,C,D,C,B+,C,D,B,B
동성케미컬  ,A,A+,A+,B+,A,A+,A+,B+,B+,B+,A,B,B+,B,B+,B+,B,B,B+,B
동아쏘시오홀딩스  ,A,B+,A+,A,A,B+,A+,A,A,B,A,A,A,B+,A+,A,B+,C,A,A
동아에스티  ,A,B+,A+,A,A,B+,A+,A,A,B,A,A,A,B+,A+,A,B+,D,B+,A
동아지질  ,D,D,D,D,D,D,D,D,D,D,D,D,C,D,D,B,C,C,C,C
동아타이어  ,D,D,D,D,D,D,D,D,D,D,D,C,C,D,C,B+,B,C,B,B
동양  ,D,D,D,C,D,D,D,C,D,D,D,C,C,C,C,B+,C,C,C,B
동양고속  ,C,C,D,C,C,C,D,C,D,D,D,D,B,C,C,B+,B,C,B,B+
동양생명  ,B,C,B,B+,B,C,B,B+,B,D,B,B+,B+,C,A,B+,B,D,B+,B+
동양철관  ,C,C,C,C,C,C,C,C,D,D,D,D,C,D,D,B,C,C,C,C
동양피스톤  ,C,C,B,D,C,C,B,D,C,D,B,D,B,B,C,B+,B,B,B,B+
동원F&B  ,B,B+,A,C,B,B+,A,C,B,B,A,C,B+,B,A,B,B,B,B+,B
동원금속  ,C,C,C,C,C,C,C,C,D,D,D,C,C,D,C,B+,B,C,B,B+
동원산업  ,B+,B+,B+,B,B+,B+,B+,B,C,B,B+,C,B,C,B+,B+,B,C,B,B+
동원수산  ,D,D,D,D,D,D,D,D,D,D,D,D,C,D,C,B+,C,D,B,B
동원시스템즈  ,B,A,A,C,B,A,A,C,C,B,B+,D,B,C,B+,B,C,B,B,C
동일고무벨트  ,A,A,A,B+,A,A,A,B+,B,C,B+,B,B+,B,B+,B+,B+,B,B+,B+
동일산업  ,C,C,D,B,C,C,D,B,C,C,D,B+,B,B,C,B+,B,B+,C,B+
동일제강  ,C,C,D,C,C,C,D,C,D,D,D,C,C,C,C,B,C,C,C,B
동화약품  ,C,C,B,C,C,C,B,C,C,C,B+,C,B,D,B+,B,B,D,B+,B
두산  ,B+,A,A+,B,B+,A,A+,B,B+,B+,A,B,A,A,A+,B+,A+,A+,A+,A
두산밥캣  ,A,B,A,A,A,B,A,A,B+,B,A,B+,B+,C,A,A,B+,D,A,A
두산에너빌리티  ,B+,A,A+,B,B+,A,A+,B,B,B+,A,C,A,A+,A,B+,A,A,A+,B+
두산퓨얼셀  ,A,B+,A+,A,A,B+,A+,A,B+,B+,A+,B,B+,B,A,A,,,,
두올  ,C,C,B,D,C,C,B,D,D,D,C,C,B,C,B,B+,B,C,B,B+
드림텍  ,C,C,C,B+,C,C,C,B+,D,D,D,C,C,C,C,B+,,,,
디씨엠  ,C,D,C,B,C,D,C,B,C,D,C,B,C,D,C,B+,C,C,C,B
디아이  ,D,C,C,D,D,C,C,D,D,D,C,D,B,D,B,B+,B,B,B,B
디아이동일  ,D,D,D,C,D,D,D,C,D,D,C,C,C,D,C,B+,D,D,C,C
디아이씨  ,D,C,C,D,D,C,C,D,D,D,C,D,C,C,C,B,C,C,B,C
디와이  ,C,D,C,B,C,D,C,B,C,D,D,B+,B,C,C,B+,C,C,C,B+
디와이파워  ,C,C,D,C,C,C,D,C,C,D,D,B,B,C,C,B+,C,D,B,B
락앤락  ,C,C,C,B,C,C,C,B,B,B,B+,B,C,C,C,B+,C,C,B+,C
롯데관광개발  ,D,D,C,D,D,D,C,D,D,D,C,D,B,D,B,B,C,D,B,C
롯데렌탈  ,B+,A,A,B,B+,A,A,B,,,,,,,,,,,,
롯데손해보험  ,B+,B,B+,B+,B+,B,B+,B+,B+,B,B+,B+,A,B,A+,A,B+,C,A,A
롯데쇼핑  ,A,A,A+,A,A,A,A+,A,A,A,A+,A,A,A,A+,A,A,A,A+,A
롯데에너지머티리얼즈  ,C,B,B,C,C,B,B,C,D,D,D,D,C,C,C,B,C,B,C,C
롯데웰푸드  ,B+,B+,A,B+,B+,B+,A,B+,A,B,A,A,A,A,A,A,A,A,A+,B+
롯데이노베이트  ,A,A,A+,A,A,A,A+,A,A,A,A,A,A,A,A,A,A,B+,A,A
롯데정밀화학  ,A+,A+,A+,A,A+,A+,A+,A,A,A,A+,A,A,A,A+,A,A,A,A+,A
롯데지주  ,A,A,A+,A,A,A,A+,A,A,A,A+,B+,A,B+,A+,A,B+,B,A,B
롯데칠성음료  ,A,A+,A,B+,A,A+,A,B+,B+,A,A,B,A,B+,A+,A,B+,B+,A,B+
롯데케미칼  ,B+,A,A+,B,B+,A,A+,B,A,B+,A+,A,A,B,A+,A,B+,B,A,A
롯데하이마트  ,A,A,A+,A,A,A,A+,A,A,A,A+,A,A,A,A+,A,A,B+,A+,A
마니커  ,D,D,D,C,D,D,D,C,D,D,D,D,C,D,B,B,C,D,B+,C
만호제강  ,C,C,C,B+,C,C,C,B+,C,D,C,B+,C,C,C,B+,C,C,B,B
맵스리얼티1  ,-,-,-,-,-,-,-,-,-,-,-,-,-,-,-,-,,,,
메리츠금융지주  ,B+,B,A,B+,B+,B,A,B+,B,C,C,B+,B+,D,B+,A,B+,D,B+,A
메리츠증권  ,-,-,-,-,-,-,-,-,B+,C,A,B+,B+,C,A,B+,B+,B,A,B+
메타랩스  ,D,D,D,D,D,D,D,D,D,D,D,D,C,D,C,B+,C,D,B,B
명문제약  ,C,D,D,B,C,D,D,B,D,D,D,C,B,D,B,B+,C,D,B,B
명신산업  ,D,C,C,D,D,C,C,D,D,D,D,D,-,-,-,-,,,,
모나리자  ,B+,B+,A,B,B+,B+,A,B,D,D,C,D,B,B,C,B,B,B,B,B
모나미  ,D,D,C,D,D,D,C,D,D,D,D,D,C,D,C,B,C,D,C,B
모토닉  ,C,C,C,B,C,C,C,B,B,C,B,B+,B,B,B,B+,B,B,B,B
무림P&P  ,B+,B+,A,B+,B+,B+,A,B+,B+,B,A,B+,A,B+,A,A,B+,B+,B+,B+
무림페이퍼  ,B+,B+,A,B,B+,B+,A,B,B,B,B+,B,A,B+,B+,A,B+,B+,B+,B+
무학  ,C,C,D,C,C,C,D,C,C,D,C,B,B,D,B,B+,C,B,C,C
문배철강  ,D,D,D,C,D,D,D,C,D,D,D,C,C,D,C,B,C,D,C,B
미래산업  ,D,C,D,D,D,C,D,D,D,D,D,D,C,C,C,C,B,B,C,B
미래아이앤지  ,D,D,D,D,D,D,D,D,D,D,D,D,C,D,C,C,C,D,C,C
미래에셋생명  ,B+,B,B+,B+,B+,B,B+,B+,B+,B,A,B+,B+,C,A+,B+,B,D,B+,B
미래에셋증권  ,A,A,A+,B+,A,A,A+,B+,A,A,A+,B+,B+,A,A+,B,A,B+,A+,B+
미원상사  ,C,C,D,B,C,C,D,B,C,C,D,C,C,C,D,B,C,D,B,B
미원에스씨  ,C,B,B+,C,C,B,B+,C,C,C,C,B,C,C,C,B+,C,C,C,B
미원홀딩스  ,C,C,B,D,C,C,B,D,C,C,C,B,C,C,C,B,C,C,C,C
미원화학  ,C,C,C,C,C,C,C,C,C,C,D,C,C,C,C,B+,C,C,C,C
미창석유공업  ,D,C,D,D,D,C,D,D,C,D,D,B,C,C,C,B,C,C,C,B
방림  ,C,C,D,C,C,C,D,C,D,D,D,C,C,C,C,B+,B,B,C,B
백광산업  ,D,C,D,D,D,C,D,D,D,C,D,D,B,B,C,B,C,B,C,D
백산  ,D,C,C,D,D,C,C,D,D,D,D,D,C,C,B,B,C,C,B,B
범양건영  ,D,D,C,D,D,D,C,D,D,D,C,D,C,D,B,C,C,D,C,B
벽산  ,C,B+,B+,D,C,B+,B+,D,D,C,C,D,B,B+,B,B,C,B,B,C
보락  ,D,D,D,C,D,D,D,C,D,D,D,D,C,D,C,B,C,D,C,B
보령  ,B+,A,A,B,B+,A,A,B,B+,B+,A,B,B+,B,A,B+,C,D,B,B
보해양조  ,D,D,D,D,D,D,D,D,D,D,D,C,C,D,C,B,B,B,B,B
부광약품  ,B+,B,A,B+,B+,B,A,B+,C,D,D,B,C,D,D,B+,C,D,C,B
부국증권  ,C,D,B,C,C,D,B,C,C,D,C,B,C,D,B,C,B,D,B,B
부국철강  ,D,D,D,D,D,D,D,D,D,D,D,D,C,D,C,B,D,D,C,C
부산산업  ,D,C,D,D,D,C,D,D,C,D,D,B,C,D,D,B,D,D,C,C
부산주공  ,C,C,C,C,C,C,C,C,D,D,D,D,C,B,D,B,C,B,C,C
비비안  ,D,D,D,D,D,D,D,D,D,D,D,D,D,D,C,C,C,D,B,B
비상교육  ,B,D,B,B,B,D,B,B,B,D,B,B,B,D,B+,B+,B,D,B+,B
비에이치  ,-,-,-,-,-,-,-,-,-,-,-,-,B+,B+,B+,B+,D,D,C,C
비케이탑스  ,D,D,D,D,D,D,D,D,D,D,D,D,C,D,C,C,C,D,B,D
빙그레  ,A,A,A+,B+,A,A,A+,B+,A,A,A,B+,A,A,A+,A,A,B+,A+,A
사조대림  ,B,B+,A,C,B,B+,A,C,C,B,B,D,B+,C,A,B+,C,D,B,B
사조동아원  ,C,B+,B,C,C,B+,B,C,C,C,B+,C,B,C,B,B+,C,D,C,B
사조산업  ,B,B+,B+,C,B,B+,B+,C,C,C,B,D,B,C,B,B+,D,D,C,D
사조씨푸드  ,B,B,B+,B,B,B,B+,B,C,D,B,B,B,C,B+,B+,C,D,B,B
사조오양  ,C,B,B+,C,C,B,B+,C,C,C,B,D,C,D,B,C,C,D,B,C
삼부토건  ,C,C,C,C,C,C,C,C,D,D,D,C,C,C,D,B+,C,C,B,B
삼성E&A  ,A,A+,A+,A,A,A+,A+,A,A,A,A+,B+,A,A,A+,A,A,A,A+,A
삼성SDI  ,A,A+,A+,B+,A,A+,A+,B+,A,A,A+,B+,A,A,A+,B+,A,A,A,B+
삼성공조  ,C,C,C,C,C,C,C,C,C,D,C,B,C,C,C,B,C,C,C,B
삼성물산  ,A+,A+,A+,A+,A+,A+,A+,A+,A,A,A,A,A,A,A+,A,A,A+,A,B+
삼성바이오로직스  ,A+,A,A,A+,A+,A,A,A+,A,A,A+,A,A,A,A+,A,B+,B,A,B+
삼성생명  ,A,A+,A+,B+,A,A+,A+,B+,A,A,A+,B+,A,A,A+,B+,B+,A,A,B+
삼성에스디에스  ,A,A,A+,B+,A,A,A+,B+,A,A,A+,A,A,A,A+,A,A,B+,A+,A
삼성전기  ,A,A,A+,A,A,A,A+,A,A,A,A+,A,A,A,A+,B+,A,A,A+,B+
삼성전자  ,A,A,A+,B+,A,A,A+,B+,A,A,A+,B+,B+,A,A+,B,B,A,A+,C
삼성제약  ,D,D,D,C,D,D,D,C,D,D,D,D,C,D,C,B,C,B,C,D
삼성중공업  ,A,A,A+,B+,A,A,A+,B+,B+,B+,B+,B+,B+,B,A,B+,B+,B+,B,A
삼성증권  ,B+,A,A+,B,B+,A,A+,B,A,A,A+,B+,A,A,A+,B+,B+,B,A+,B
삼성출판사  ,C,D,D,B,C,D,D,B,C,D,D,B+,C,D,D,B+,C,D,C,B
삼성카드  ,A,A+,A+,A,A,A+,A+,A,A,A,A+,A,A,A+,A+,A,B,D,B+,B+
삼성화재해상보험  ,A,A,A+,A,A,A,A+,A,A,A,A,A,A,A+,A+,B+,A,A+,A+,A
삼아알미늄  ,C,C,D,C,C,C,D,C,C,D,D,B,B,B,C,B+,B,B,C,B
삼양사  ,B+,A+,A,B,B+,A+,A,B,B+,B+,A,B,A,A,A,B+,B+,B+,B+,B
삼양식품  ,A,A,A+,A,A,A,A+,A,B+,A,A+,B,A,A,A+,A,B,B,B,B
삼양통상  ,C,C,D,B+,C,C,D,B+,C,D,D,B,B,C,C,B+,C,B,C,D
삼양패키징  ,B,B+,B+,C,B,B+,B+,C,B,C,B+,B,B+,B,B+,B+,C,C,B+,C
삼양홀딩스  ,B+,A,A,B+,B+,A,A,B+,B+,B+,A,B,B+,A,A,B,B+,B,B+,B+
삼영  ,C,C,D,C,C,C,D,C,C,C,D,C,B,B,C,B,C,B,C,C
삼영무역  ,C,D,D,B+,C,D,D,B+,B,D,C,B+,B,D,C,B+,C,D,C,C
삼영전자공업  ,D,C,C,D,D,C,C,D,C,C,D,C,B,B,B,B+,B+,B+,B+,B
삼원강재  ,B,B,B,B+,B,B,B,B+,C,C,D,C,C,B,D,B,B,B+,C,B
삼익THK  ,C,C,C,B,C,C,C,B,C,C,C,C,B+,B,B,B+,B+,B,B,B+
삼익악기  ,C,C,D,C,C,C,D,C,D,C,D,D,C,D,C,B+,C,D,C,B
삼일씨엔에스  ,D,C,D,D,D,C,D,D,D,D,D,D,B,C,B,B+,B,C,B,B+
삼일제약  ,C,D,C,C,C,D,C,C,D,D,D,C,B,D,B,B+,B,D,B+,B
삼정펄프  ,D,C,C,D,D,C,C,D,D,D,C,D,C,C,D,B,C,C,B,C
삼진제약  ,C,D,D,B+,C,D,D,B+,D,D,D,D,B,D,B,B+,B,D,B+,B
삼천리  ,C,B,B,C,C,B,B,C,C,C,B+,C,B+,B,A,B+,B+,B+,A,B+
삼호개발  ,B+,B,A,B+,B+,B,A,B+,B,C,B+,B,C,D,D,B,D,D,C,C
삼화왕관  ,D,C,D,D,D,C,D,D,D,D,D,D,B,B,C,B,B,B,C,B
삼화전기  ,D,C,C,D,D,C,C,D,D,D,D,D,C,C,C,B,C,C,B,B
삼화전자공업  ,D,D,D,D,D,D,D,D,D,D,D,D,C,C,C,B,D,D,C,C
삼화콘덴서공업  ,D,C,C,D,D,C,C,D,D,D,C,D,C,C,B,B,B,B,B,B
삼화페인트공업  ,B+,B+,A,B+,B+,B+,A,B+,B,C,B+,B+,B+,B+,B+,A,B+,B,B+,B+
상상인증권  ,D,D,C,D,D,D,C,D,D,D,C,D,C,D,B,D,C,D,B,C
상신브레이크  ,C,D,B,C,C,D,B,C,D,D,C,C,B,B,B,B,B,B,B,B
새론오토모티브  ,D,C,D,D,D,C,D,D,D,D,C,C,C,C,C,B,B,B,B,B
샘표  ,C,C,B,D,C,C,B,D,C,D,C,C,B,B,B+,B,C,B,B+,C
샘표식품  ,C,C,B,D,C,C,B,D,C,D,C,C,B,B,B+,B,C,B,B+,C
서연  ,B+,B+,A,B+,B+,B+,A,B+,B+,B,A,B,B+,B+,A,B+,B+,C,B+,B+
서연이화  ,B+,B+,A,B,B+,B+,A,B,B+,B,A,B+,A,B+,A,A,B+,B,B+,B+
서울도시가스  ,C,C,B,C,C,C,B,C,C,D,B,C,B+,C,B+,A,B,C,B+,B
서울식품공업  ,D,C,D,D,D,C,D,D,D,D,D,D,B+,B,B,B+,B,B,B,B
서원  ,C,C,D,C,C,C,D,C,C,C,D,C,B,B,C,B+,B,B,C,B
서흥  ,B+,B+,A,B,B+,B+,A,B,B,C,B,B+,B,C,B,B+,C,C,C,B
선도전기  ,D,C,C,D,D,C,C,D,D,D,D,D,C,C,C,B,B,B,C,B
선진  ,B+,C,B,A,B+,C,B,A,C,C,B+,C,B+,B,A,B,B,D,B,B+
성문전자  ,C,C,D,C,C,C,D,C,D,D,C,D,C,C,C,C,C,C,B,C
성보화학  ,D,D,C,C,D,D,C,C,D,D,C,C,B,D,B,B+,C,D,B,B
성신양회  ,B,B,A,C,B,B,A,C,C,C,B,C,B+,B+,B+,B+,C,B+,B,C
성안머티리얼스  ,D,D,D,D,D,D,D,D,C,D,D,B,D,D,C,C,C,C,C,B
성창기업지주  ,D,D,D,C,D,D,D,C,D,D,D,D,C,D,C,C,C,D,C,C
세기상사  ,C,D,D,B,C,D,D,B,D,D,D,D,C,D,C,B,C,D,C,C
세방  ,B+,B+,B+,B,B+,B+,B+,B,C,C,C,B,B,B,D,B+,B+,B,B+,B+
세방전지  ,C,C,C,C,C,C,C,C,C,B,C,C,B,B,B,B+,B,B+,B,B
세아베스틸지주  ,A,A,A+,A,A,A,A+,A,C,C,B,B,B+,B+,B,B+,B,B,B,B+
세아제강  ,A,B+,A,A,A,B+,A,A,B+,B,B+,B+,B+,B+,B+,B+,B,B,B+,B
세아제강지주  ,B+,B+,A,B+,B+,B+,A,B+,B,B,B+,B,B+,B+,B+,B+,B,C,B,B
세아특수강  ,A,B+,A,A,A,B+,A,A,B+,C,B+,A,B+,B+,B+,B+,B,B,C,B
세아홀딩스  ,B+,A,A+,B,B+,A,A+,B,C,C,B+,C,B+,B+,B+,B+,B,C,B,B+
세우글로벌  ,D,D,D,D,D,D,D,D,D,D,D,D,D,D,C,D,C,B,C,C
세원이앤씨  ,D,D,D,D,D,D,D,D,D,D,C,D,C,D,C,B,B,B,B,B
세원정공  ,C,C,C,C,C,C,C,C,D,D,C,D,C,C,B,C,C,C,B+,D
세이브존I&C  ,C,D,C,C,C,D,C,C,C,D,C,C,C,D,C,B,C,D,B,C
세진중공업  ,C,C,D,C,C,C,D,C,D,D,D,C,C,C,C,B+,B,D,B+,B+
셀트리온  ,B,B+,A+,C,B,B+,A+,C,B,C,B+,B,B,C,B+,B+,B+,B,B,B+
솔루스첨단소재  ,B,C,B+,B,B,C,B+,B,C,D,C,B,B,D,B,B+,,,,
솔루엠  ,C,D,D,B,C,D,D,B,-,-,-,-,,,,,,,,
송원산업  ,C,B+,B+,D,C,B+,B+,D,D,C,C,D,C,B,B,C,B,B+,B+,C
수산중공업  ,C,C,D,B,C,C,D,B,D,D,D,C,C,D,C,B+,B,B,B,B
스타리츠  ,D,D,D,C,D,D,D,C,,,,,,,,,,,,
스틱인베스트먼트  ,B,C,A,B,B,C,A,B,,,,,C,D,C,B+,B,D,B,B+
시디즈  ,D,C,D,D,D,C,D,D,C,D,C,C,C,C,C,C,C,D,C,B
시알홀딩스  ,D,C,D,D,D,C,D,D,D,C,C,D,B,B,B,B,C,B,B,C
신대양제지  ,D,C,D,D,D,C,D,D,D,D,C,D,C,C,C,B,C,C,C,C
신도리코  ,C,C,D,C,C,C,D,C,C,C,D,B+,C,C,C,B+,B,B,B+,B
신라교역  ,D,D,D,C,D,D,D,C,D,D,D,C,C,D,D,B+,C,D,C,B
신성이엔지  ,D,C,D,D,D,C,D,D,D,D,C,C,B,B,C,B+,C,C,C,B
신성통상  ,D,D,D,D,D,D,D,D,D,D,D,D,C,C,C,B,C,C,D,C
신세계  ,A,A,A+,A,A,A,A+,A,A,A,A+,B+,A,A,A+,A,A,B+,A,A
신세계I&C  ,A,A,A+,A,A,A,A+,A,B+,B+,A,B+,B+,B,B+,A,B+,B,B+,B+
신세계건설  ,B+,B+,A,B+,B+,B+,A,B+,B+,B,A,B+,B+,C,A,A,B,C,B,B+
신세계인터내셔날  ,A,A,A,A,A,A,A,A,B+,C,B+,B+,A,B+,A,A,A,B,A,A
신세계푸드  ,A,B+,A,A,A,B+,A,A,B,C,B+,B+,A,B+,A,A,B+,B,B+,B+
신송홀딩스  ,C,D,D,B,C,D,D,B,D,D,D,C,C,D,C,B,B,D,B,B+
신영와코루  ,D,D,D,D,D,D,D,D,D,D,D,D,C,D,B,B,C,D,B,C
신영증권  ,B+,B,A,B+,B+,B,A,B+,B+,C,B+,B+,B,D,C,B+,B,D,B,B+
신원  ,C,C,B,D,C,C,B,D,D,D,C,C,C,D,B,B,D,D,C,C
신일전자  ,D,D,D,D,D,D,D,D,D,D,D,D,C,D,D,B+,C,D,C,B
신풍  ,D,D,D,C,D,D,D,C,D,D,D,C,B+,B,B,B+,B,B+,C,B
신풍제약  ,D,D,D,D,D,D,D,D,D,D,C,D,B,D,B,B+,B,D,B,B+
신한지주  ,A+,A+,A+,A+,A+,A+,A+,A+,A+,A+,A+,A+,A+,A+,A+,A+,A+,A+,A,A+
신흥  ,C,D,C,C,C,D,C,C,D,D,C,D,B,D,B,B,B,D,B,B
쌍방울  ,D,D,D,D,D,D,D,D,D,D,C,D,C,D,B,C,C,D,B,C
쌍용씨앤이  ,B+,B+,B,A,B+,B+,B,A,B+,B+,B,B+,A,A,A,B+,B+,B,B+,B+
써니전자  ,D,C,C,D,D,C,C,D,D,D,D,C,C,D,B,B,C,C,B,B
씨아이테크  ,D,D,D,D,D,D,D,D,D,D,D,D,C,D,C,C,C,D,C,C
씨에스윈드  ,A,B+,B+,A,A,B+,B+,A,C,C,B,C,B,B,C,B+,B,B,C,B
씨티알모빌리티  ,C,D,C,B,C,D,C,B,B,D,B,B+,B,D,B,B+,,,,
아남전자  ,D,D,C,C,D,D,C,C,D,D,C,D,C,C,C,B,C,C,C,C
아모레퍼시픽  ,A,A,A+,A,A,A,A+,A,A,A,A+,A,A,A,A+,A,A,A,A+,A
아모레퍼시픽그룹  ,A,A,A+,A,A,A,A+,A,A,A,A+,B+,A,A,A+,A,A,A,A+,A
아세아  ,A,B+,B+,A,A,B+,B+,A,B+,B,B+,B+,B+,B,B+,B+,C,C,B,C
아세아시멘트  ,B+,B+,A,B,B+,B+,A,B,C,B,B+,C,B+,B+,B+,B,B+,B+,B+,B
아세아제지  ,C,B,B+,D,C,B,B+,D,C,C,B+,D,B,C,B+,B,B,C,B,B
아센디오  ,D,D,D,D,D,D,D,D,D,D,D,D,C,D,D,B,,,,
아시아나IDT  ,D,C,C,D,D,C,C,D,C,D,C,C,D,B,C,D,C,D,B,C
아시아나항공  ,A,A,A,B+,A,A,A,B+,B,B+,A,C,C,B+,A,D,C,B+,B+,D
아이마켓코리아  ,C,C,B+,C,C,C,B+,C,C,D,B+,C,B,D,B+,B+,B,D,B,B+
아이에스동서  ,B+,B+,A,B+,B+,B+,A,B+,B+,B,A,B+,B+,B,B+,B+,B,B,B,B+
아이에이치큐  ,D,D,C,D,D,D,C,D,D,D,D,D,C,D,C,B,B,D,B,B+
아주스틸  ,C,C,C,C,C,C,C,C,,,,,,,,,,,,
알루코  ,D,C,C,D,D,C,C,D,D,D,C,D,C,C,D,B,B,B,B,B
애경산업  ,A,A,A+,A,A,A,A+,A,A,B+,A+,B+,A,B+,A+,B+,B,C,B+,B
애경케미칼  ,A,A,A,B+,A,A,A,B+,B+,B+,A,B+,B,B,C,B,B,B+,C,B
에넥스  ,C,C,C,C,C,C,C,C,C,D,C,C,B,C,B,B,B,B,B+,B
에스디바이오센서  ,D,C,C,D,D,C,C,D,-,-,-,-,-,-,-,-,,,,
에스메디  ,D,D,D,C,D,D,D,C,D,D,D,D,B,D,B,B,C,D,C,B
에스엘  ,B+,B+,A,B+,B+,B+,A,B+,B+,B,B+,B+,B+,B+,B+,B+,C,B,B+,D
에스엠벡셀  ,D,D,C,C,D,D,C,C,D,D,D,D,,,,,C,C,C,C
에스원  ,B+,B+,A,B+,B+,B+,A,B+,B+,B+,A,B,A,B,A,A,B+,B,A,B+
에스제이엠  ,C,C,C,C,C,C,C,C,D,D,C,C,B,C,B,B+,C,C,B,C
에스제이엠홀딩스  ,C,C,C,C,C,C,C,C,C,D,C,C,B,C,B,B,B,C,B,B
에스제이지세종  ,D,C,C,D,D,C,C,D,C,D,B,D,B,B,B,B,C,B,B+,C
에스케이바이오팜  ,A,B+,A+,A,A,B+,A+,A,A,B+,A,A,-,-,-,-,-,-,-,-
에쓰씨엔지니어링  ,D,C,D,D,D,C,D,D,D,D,D,D,C,C,C,B,C,C,B,B
에어부산  ,C,C,B,D,C,C,B,D,D,C,C,D,C,C,B,D,C,C,B+,C
에이리츠  ,C,D,D,B,C,D,D,B,,,,,,,,,,,,
에이블씨엔씨  ,C,C,B,C,C,C,B,C,B,D,B,B,B+,C,B+,B+,C,D,B,C
에이엔피  ,D,C,D,D,D,C,D,D,D,D,D,D,C,C,C,B,C,B,C,C
에이프로젠  ,D,D,D,D,D,D,D,D,D,D,D,D,C,D,C,C,C,C,D,C
에이프로젠바이오로직스  ,D,D,D,D,D,D,D,D,D,D,D,D,C,D,C,C,C,D,C,C
에이플러스에셋  ,C,D,C,C,C,D,C,C,D,D,D,C,,,,,,,,
에코바이브  ,D,D,D,D,D,D,D,D,D,D,D,D,D,D,C,D,C,D,C,C
엔씨소프트  ,A,B+,A,A,A,B+,A,A,A,B+,A,A,A,B+,A,A,B+,D,B+,A
엔에이치엔  ,A,B+,A+,A,A,B+,A+,A,A,B+,A,A,B+,C,A,A,B,D,B+,B+
엔케이  ,C,D,C,C,C,D,C,C,D,D,D,D,C,B,C,C,C,B,C,C
엔피씨  ,D,C,C,D,D,C,C,D,D,D,C,D,C,C,D,C,C,C,C,C
엘앤에프  ,-,-,-,-,-,-,-,-,-,-,-,-,B+,B,B+,B+,B,B,B+,B
엘에스일렉트릭  ,A,A,A+,A,A,A,A+,A,A,B+,A,A,A,B+,A+,B+,A,B+,A+,B+
엠씨넥스  ,C,C,C,B,C,C,C,B,-,-,-,-,C,C,B,B,,,,
영보화학  ,D,C,C,D,D,C,C,D,D,C,C,D,B,B,C,B,B,B,B,B
영원무역  ,B+,B+,B+,B+,B+,B+,B+,B+,B+,C,B+,B+,B+,B+,B+,B+,B,D,B,B+
영원무역홀딩스  ,B+,B+,B+,B+,B+,B+,B+,B+,C,C,B+,C,A,B+,B+,A,B,D,B,B
영진약품  ,B+,B+,A,B+,B+,B+,A,B+,B+,B+,B+,B,B+,B+,A,B+,B,D,B+,B+
영풍  ,B+,B+,B+,B,B+,B+,B+,B,B,C,B+,B,C,D,C,B+,C,D,B,D
영풍제지  ,C,C,D,C,C,C,D,C,D,C,D,D,B,B,C,B,B,B,C,B
영화금속  ,C,C,D,C,C,C,D,C,D,D,D,C,C,C,C,B+,B,B,C,B
영흥  ,C,C,C,C,C,C,C,C,C,D,D,B,B,C,B,B+,B,C,B,B+
예스코홀딩스  ,B,C,B,B+,B,C,B,B+,B,C,B,B,B+,B,B+,B+,B,D,B+,B+
오뚜기  ,B+,B+,A,B+,B+,B+,A,B+,C,C,B+,C,A,B+,A+,B+,B+,B+,A,B
오리엔트바이오  ,D,D,D,D,D,D,D,D,D,D,D,D,C,D,C,C,C,B,B,C
오리온  ,A,A,A,B+,A,A,A,B+,A,B+,A,A,A,A,A,B+,B+,B,B+,A
오리온홀딩스  ,A,A,A,A,A,A,A,A,A,B+,A,A,A,A,A,A,B+,C,B+,A
와이투솔루션  ,C,C,C,C,C,C,C,C,D,D,D,C,,,,,D,C,C,D
용평리조트  ,D,C,D,D,D,C,D,D,D,C,D,D,C,C,C,B,B,C,B,B
우리금융지주  ,A,A+,A+,A,A,A+,A+,A,A,A,A+,B+,A,A+,A+,A,B+,B+,B+,B+
우리종금  ,B+,B+,A,B+,B+,B+,A,B+,B,C,B,B+,B,D,B+,B,B,D,B,B
우성  ,C,D,C,C,C,D,C,C,C,D,C,B,C,D,C,B+,C,D,C,C
우신시스템  ,C,D,D,B,C,D,D,B,D,D,D,C,B,C,C,B+,B+,B,B,B+
우진  ,C,D,C,C,C,D,C,C,C,D,C,B,B,C,C,B+,B+,B,B,B+
우진아이엔에스  ,C,C,D,B,C,C,D,B,C,D,D,B,C,C,C,B+,C,C,C,B+
우진플라임  ,C,C,D,C,C,C,D,C,D,D,D,D,B,B,C,B,B,B,B,B
웅진  ,B+,B,A,B,B+,B,A,B,C,C,B+,C,B,D,B+,B+,B,D,B,B+
웅진씽크빅  ,B+,B+,A+,B,B+,B+,A+,B,B+,C,B+,B+,B+,B,A,B+,B,D,B,B
원림  ,C,C,D,C,C,C,D,C,D,D,D,C,C,D,B,B,C,D,B,C
웰바이오텍  ,D,D,D,D,D,D,D,D,D,D,D,D,B,D,B,B,B,D,B,B
윌비스  ,D,D,C,D,D,D,C,D,D,D,D,C,C,D,D,B+,C,D,C,C
유나이티드  ,B,C,B,B+,B,C,B,B+,B,C,C,B+,B,C,B,B+,B,B,B+,B
유니드  ,B+,B+,B+,B,B+,B+,B+,B,B,C,B+,B,B+,B,B+,B+,B,B,B,B
유니온  ,C,C,C,B,C,C,C,B,C,C,C,B,B,B,B,B,C,C,B,C
유니온머티리얼  ,C,C,D,C,C,C,D,C,D,D,D,C,B,B,C,B,B,B,B,B
유니켐  ,D,C,C,D,D,C,C,D,D,D,D,D,B,C,C,B+,B,B,C,B
유니퀘스트  ,C,D,D,B,C,D,D,B,D,D,D,D,B,B,C,B+,B,D,C,B+
유성기업  ,C,C,C,C,C,C,C,C,C,C,C,C,C,B,D,C,C,B,C,C
유수홀딩스  ,B+,B+,A,B+,B+,B+,A,B+,B+,B,B+,B+,B+,D,B,A,B,C,B,B+
유안타증권  ,C,C,D,B,C,C,D,B,C,D,C,B,C,D,C,B,B,D,B+,B
유엔젤  ,D,D,D,D,D,D,D,D,D,D,D,D,C,D,C,B,C,B,C,C
유유제약  ,D,D,C,D,D,D,C,D,C,D,B,D,B,D,B,B+,B,B,C,B
유진증권  ,B,C,B,B,B,C,B,B,B,C,B+,B,C,C,C,B,B,C,B+,B
유한양행  ,A,B+,A+,A,A,B+,A+,A,B+,B,A,B+,B+,B+,A,B+,B+,B+,B+,B+
유화증권  ,C,D,C,C,C,D,C,C,D,D,D,C,C,D,C,C,C,D,C,B
율촌화학  ,D,C,C,D,D,C,C,D,C,C,C,C,B,B,B,B+,B,C,B+,B+
이건산업  ,D,D,C,D,D,D,C,D,D,D,C,D,C,D,C,B+,B,C,B,B
이구산업  ,C,C,D,C,C,C,D,C,C,C,C,C,B,B,C,B+,B,B,C,B
이노션  ,B+,A,A,B+,B+,A,A,B+,B+,B,A,B+,A,B+,A,A,B+,D,A,A
이마트  ,A,A,B+,A,A,A,B+,A,A,A+,A,B+,A,A,A,A,A,A,A+,A
이수페타시스  ,C,B,B+,C,C,B,B+,C,C,B,B+,D,B,B,A,C,B,B+,B+,C
이수화학  ,C,B,B,D,C,B,B,D,C,B,B+,D,B,B,B+,B,C,B,B,C
이스타코  ,D,D,D,C,D,D,D,C,D,D,D,C,C,D,C,B,C,D,C,B
이아이디  ,D,D,D,D,D,D,D,D,D,D,D,D,D,D,C,C,D,D,C,C
이엔플러스  ,D,C,D,D,D,C,D,D,D,D,C,D,C,D,B,B,B,B,C,B
이연제약  ,C,D,D,B+,C,D,D,B+,C,D,D,B+,B,D,B,B+,C,D,B,B
이월드  ,D,D,D,D,D,D,D,D,D,D,C,D,C,D,C,B,C,D,C,B
이화산업  ,C,C,D,C,C,C,D,C,D,D,D,D,C,D,C,B,C,C,C,C
인디에프  ,D,D,D,C,D,D,D,C,D,D,D,C,C,D,B,B,C,D,B,B
인바이오젠  ,D,D,D,D,D,D,D,D,D,D,D,D,C,D,C,C,C,D,B,C
인스코비  ,D,D,D,D,D,D,D,D,D,D,D,D,C,D,C,B,C,B,C,C
인지컨트롤스  ,C,C,C,C,C,C,C,C,D,D,C,D,C,D,C,B,C,C,B,C
인천도시가스  ,B,D,B,B+,B,D,B,B+,C,D,B,B,C,D,C,B,B,C,B,B+
인터지스  ,C,C,C,C,C,C,C,C,C,C,B,C,B,B,C,B+,B+,B,B,B+
인팩  ,C,C,C,B,C,C,C,B,C,D,C,B,C,D,C,B+,C,C,C,B
일동제약  ,B+,B+,A+,B,B+,B+,A+,B,B,C,A+,B,A,B+,A,A,A,B+,A+,B+
일동홀딩스  ,A,B+,A+,B+,A,B+,A+,B+,B+,C,A+,B+,A,B+,A,A,B+,B,A,B+
일성건설  ,D,C,D,D,D,C,D,D,D,D,D,C,B,B,C,B+,B,B,B,B
일성아이에스  ,C,D,C,B,C,D,C,B,D,D,D,D,C,D,C,B+,C,D,B,B
일신방직  ,D,C,C,D,D,C,C,D,D,C,C,D,B+,B,B,A,B,B,B,B
일신석재  ,D,D,D,C,D,D,D,C,D,D,D,C,C,D,C,B,C,D,C,B
일양약품  ,C,D,C,B+,C,D,C,B+,C,D,C,B+,C,D,C,B+,B,D,B,B+
일정실업  ,D,D,D,C,D,D,D,C,D,D,D,C,C,C,C,C,C,C,C,C
일진다이아  ,D,D,D,C,D,D,D,C,D,D,D,C,C,D,C,B,C,C,B,B
일진디스플  ,C,C,D,C,C,C,D,C,D,D,D,C,B,B,B,B,B,B,B,B
일진전기  ,D,C,C,D,D,C,C,D,D,D,C,D,C,C,C,B,C,C,B,C
일진하이솔루스  ,C,C,B,C,C,C,B,C,-,-,-,-,,,,,,,,
일진홀딩스  ,B,D,C,B+,B,D,C,B+,C,D,C,B,C,C,C,B,B,C,B,B
잇츠한불  ,C,C,C,B,C,C,C,B,C,D,C,B,B+,B+,B,B+,B,C,B,B
자이에스앤디  ,C,C,B,B,C,C,B,B,B,C,B+,B+,B,C,B,B+,,,,
자화전자  ,D,C,C,D,D,C,C,D,D,D,C,C,C,C,C,B+,B,B,B+,B
전방  ,D,C,C,D,D,C,C,D,D,C,C,D,C,C,B,B,C,C,B+,C
제이에스코퍼레이션  ,D,D,D,C,D,D,D,C,C,D,D,B,C,D,C,B+,C,D,C,B+
제이준코스메틱  ,D,D,D,D,D,D,D,D,D,D,D,C,C,D,C,B,C,D,C,B
제일기획  ,A,A,A+,A,A,A,A+,A,A,B+,A,A,B+,C,A,B+,B+,D,A,B+
제일약품  ,C,C,B+,D,C,C,B+,D,D,D,D,D,C,D,B,B,C,D,B,B
제일연마  ,C,C,D,B,C,C,D,B,C,D,D,B+,C,C,C,B+,C,C,C,B
제일파마홀딩스  ,C,C,B+,D,C,C,B+,D,D,D,D,D,B,D,B,B,B,D,B,B
제주은행  ,B+,B+,A,B+,B+,B+,A,B+,B+,A,A,B+,A,B,A+,A,B+,C,A,A
제주항공  ,A,A,A+,B+,A,A,A+,B+,B,C,B+,B+,B+,B,B+,B+,B,C,B+,B+
조광페인트  ,C,C,B,C,C,C,B,C,C,C,C,C,B,B,B+,B,C,C,B,B
조광피혁  ,C,D,D,B,C,D,D,B,C,D,D,B,C,D,C,B,C,D,C,B
조비  ,D,D,D,D,D,D,D,D,D,D,D,D,C,D,C,B,C,D,B,B
조선선재  ,D,D,D,D,D,D,D,D,D,D,D,C,C,D,C,B+,C,D,C,B+
조일알미늄  ,C,C,C,B,C,C,C,B,C,C,C,B,B,B,C,B+,B,B,C,B
조흥  ,C,C,B,C,C,C,B,C,C,C,C,C,C,D,C,B,B,B,C,B
종근당  ,B+,A,A,B,B+,A,A,B,B+,B+,A,B,A,A,A+,B+,B,C,B+,B+
종근당바이오  ,B+,A,A,B,B+,A,A,B,B+,B,A,B,B+,B+,A,B+,C,B,C,C
종근당홀딩스  ,B+,A,A,B+,B+,A,A,B+,B+,B+,A,B,B+,B+,A,B+,C,C,B+,C
주성코퍼레이션  ,D,C,D,D,D,C,D,D,D,D,D,C,B,B,C,B,D,C,C,D
주연테크  ,D,D,D,D,D,D,D,D,D,D,D,D,C,C,C,C,C,C,B,C
지누스  ,A,A,A,A,A,A,A,A,B+,B,B+,A,C,D,C,B+,,,,
지엠비코리아  ,D,D,C,D,D,D,C,D,D,D,C,D,C,C,C,B,C,C,B,C
지역난방공사  ,A+,A+,A+,A,A+,A+,A+,A,A+,A,A+,A+,A,B+,A+,A,A,B+,A+,B+
진도  ,D,D,D,D,D,D,D,D,D,D,D,C,D,D,D,C,B,D,B,B
진양산업  ,C,D,D,B,C,D,D,B,D,D,D,D,D,D,C,C,D,D,C,C
진양폴리우레탄  ,D,D,D,C,D,D,D,C,D,D,D,C,C,D,C,B+,C,D,C,B
진양홀딩스  ,C,D,D,B,C,D,D,B,D,D,D,D,C,D,C,B,C,D,C,C
진양화학  ,C,C,D,C,C,C,D,C,D,D,D,C,C,D,C,B,D,D,C,C
진에어  ,A,A,A,A,A,A,A,A,B+,B,B+,A,B+,C,A,A,B+,C,B+,A
진원생명과학  ,D,D,C,D,D,D,C,D,D,D,D,D,C,D,C,B+,C,D,C,B
진흥기업  ,C,C,C,B,C,C,C,B,C,D,C,B,C,C,C,B+,C,C,B,B
참엔지니어링  ,D,D,D,D,D,D,D,D,C,D,C,B,B,D,B,B+,B,B,B,B
천일고속  ,D,C,D,D,D,C,D,D,D,D,D,D,B,C,C,B+,B,C,B,B+
청호ICT  ,D,D,D,D,D,D,D,D,D,D,D,D,D,D,C,D,C,B,C,C
체시스  ,D,C,D,D,D,C,D,D,D,D,D,C,C,D,B,B,C,C,B,C
카카오  ,A,A+,A+,B+,A,A+,A+,B+,A,A,A,A,A,A,A+,A,B+,C,A+,A
카카오뱅크  ,B+,B+,A,B+,B+,B+,A,B+,-,-,-,-,-,-,-,-,,,,
카카오페이  ,A,A,A+,A,A,A,A+,A,-,-,-,-,,,,,,,,
카프로  ,C,C,C,C,C,C,C,C,C,C,D,C,B,B,C,B+,B+,B+,B,B+
케이비아이동국실업  ,D,D,D,D,D,D,D,D,D,D,D,D,C,C,C,C,C,B,B,C
케이씨  ,C,C,A,D,C,C,A,D,C,D,B,C,B,B,C,B+,B+,B,B,B+
케이씨씨  ,A,A,A,B+,A,A,A,B+,A,B+,A,A,B+,B+,A+,B,B,B+,A,C
케이씨씨글라스  ,A,A,A+,A,A,A,A+,A,B+,B+,A,B+,-,-,-,-,,,,
케이씨텍  ,B,C,B,B,B,C,B,B,C,D,C,B,B,B,B,B,B,B,B,B
케이씨티시  ,D,C,C,D,D,C,C,D,D,D,C,D,B,B,C,B,B,B,B,B
케이카  ,B,C,B,B,B,C,B,B,-,-,-,-,,,,,,,,
케이탑리츠  ,D,D,D,D,D,D,D,D,,,,,,,,,,,,
케이티  ,A,B+,A,A,A,B+,A,A,A,A,B+,A,A+,A+,B+,A+,A+,A,A,A+
케이티스카이라이프  ,B+,B+,A,B+,B+,B+,A,B+,A,B,A+,A,A,B,A,A,B+,C,B+,B+
케이티앤지  ,A+,A+,A+,A+,A+,A+,A+,A+,A,A,A+,A,A,A,A+,A,A,B+,A+,A
코리아써키트  ,D,C,C,D,D,C,C,D,D,C,D,D,B,B+,C,B+,C,B+,B,C
코리안리  ,A,A,A,A,A,A,A,A,B+,C,B+,B+,B+,B,B+,A,B,D,B,B+
코스맥스  ,B,A,A,D,B,A,A,D,B,B+,A,C,A,A,A,B+,B+,B+,B+,B
코스맥스비티아이  ,B,A,A,C,B,A,A,C,B+,B+,A,B,B+,A,A,B+,B,B,B,B
코스모신소재  ,C,C,C,C,C,C,C,C,D,C,C,D,B,B,C,B,B+,B+,B,B+
코스모화학  ,D,C,C,D,D,C,C,D,D,C,D,D,B,B,C,B,C,B,C,D
코아스  ,B,C,C,B+,B,C,C,B+,C,D,D,B+,B,C,C,B+,B+,B,B,B+
코오롱  ,B+,B+,A,B,B+,B+,A,B,C,C,A,C,B,B,B+,B,B,C,B+,B
코오롱글로벌  ,C,B,B+,C,C,B,B+,C,C,D,C,B+,B,C,B,B+,B,C,B,B+
코오롱인더  ,B+,B+,A+,B,B+,B+,A+,B,B+,B,A,A,A,B+,A,A,B+,B+,B+,B+
코오롱플라스틱  ,B,C,B,B+,B,C,B,B+,B,C,B,B+,B+,B,B+,B+,B+,B,B+,B+
코웨이  ,A,A,A+,B+,A,A,A+,B+,B+,A,A,B,A,A,A+,B+,A,A,A+,B+
콘텐트리중앙  ,D,D,D,D,D,D,D,D,D,D,C,D,C,D,B,C,B,D,B,B
콜마홀딩스  ,A,A,A+,A,A,A,A+,A,B+,B+,B+,B+,B+,B,B+,A,B,B,B,B
콤텍시스템  ,D,D,D,D,D,D,D,D,D,D,D,D,C,D,B,C,C,D,B,C
쿠쿠홀딩스  ,D,D,C,D,D,D,C,D,C,D,D,B,B,D,C,B+,B,D,B,B+
쿠쿠홈시스  ,D,D,C,D,D,D,C,D,C,D,D,B,B,D,C,B+,C,D,C,C
크라운제과  ,C,C,B,C,C,C,B,C,C,C,B,C,B,C,B+,B+,B,D,B+,B
크라운해태홀딩스  ,D,C,C,D,D,C,C,D,C,C,B,C,B,C,B+,B,B,D,B+,B
크래프톤  ,B+,C,A,A,B+,C,A,A,-,-,-,-,-,-,-,-,,,,
키다리스튜디오  ,D,D,D,D,D,D,D,D,D,D,D,C,B,D,B,B,B,B,B,B
키움증권  ,B+,B,A,B,B+,B,A,B,B,B,C,B,B,C,A,B,B,D,B+,B+
태경비케이  ,C,C,C,C,C,C,C,C,D,C,C,D,C,C,B,B,C,C,B,B
태경산업  ,C,C,C,C,C,C,C,C,C,C,C,C,B,C,B,B+,B,B,B,B
태경케미컬  ,D,D,D,D,D,D,D,D,D,D,C,D,C,D,B,B,D,D,C,C
태광산업  ,C,C,C,C,C,C,C,C,D,D,C,C,B+,B,A,B+,C,B,B+,D
태림포장  ,B,A,A,D,B,A,A,D,C,C,B+,C,C,B,C,C,C,B,C,C
태양금속공업  ,D,C,C,D,D,C,C,D,D,D,D,D,B,B,C,B,B,B+,B,B
태영건설  ,A,A,A,B+,A,A,A,B+,B+,B+,B,B+,B+,A,B,B+,B,B,B,B+
태원물산  ,D,D,D,D,D,D,D,D,D,D,D,D,C,C,C,B,B,B,C,B
테이팩스  ,A,A,A,B+,A,A,A,B+,B+,B,A,B,B+,B+,B+,B+,B+,B+,B+,B
텔코웨어  ,C,D,D,B,C,D,D,B,D,D,D,C,C,D,C,B,B,D,B,B
토니모리  ,C,D,D,B,C,D,D,B,C,D,D,B+,C,D,C,B+,C,D,C,B+
티비에이치글로벌  ,D,D,D,C,D,D,D,C,D,D,D,C,B,D,B+,B+,B,C,B,B+
티에이치엔  ,C,C,B,C,C,C,B,C,D,D,C,D,B,C,B,B+,B,B,B,B
티와이홀딩스  ,B+,A,A,B,B+,A,A,B,B+,B+,B,B+,,,,,,,,
티웨이항공  ,B,B,C,B,B,B,C,B,C,D,C,B,B,C,B+,B,B,C,B,B
티웨이홀딩스  ,D,C,C,D,D,C,C,D,D,D,C,D,C,D,D,B,C,D,B,C
티케이지휴켐스  ,B+,B+,A,B,B+,B+,A,B,B,B,B+,B,B+,B,A,B+,C,B,B+,C
파미셀  ,D,C,D,D,D,C,D,D,D,D,D,D,B,C,B,B+,B,B,C,B
팜스코  ,A,B+,A,A,A,B+,A,A,B,B,A,C,B+,B+,A,B+,B,D,B+,B+
팜젠사이언스  ,D,D,C,D,D,D,C,D,D,D,D,D,C,D,C,C,C,D,B,C
팬오션  ,A,A+,A,A,A,A+,A,A,B,A,B+,C,B+,B+,D,A,B+,B,B,A
퍼스텍  ,C,C,C,C,C,C,C,C,D,D,D,C,C,C,C,B,C,B,B,C
퍼시스  ,D,C,C,D,D,C,C,D,D,D,C,D,B,C,B+,B,B,B,B,B
페이퍼코리아  ,D,C,C,D,D,C,C,D,D,C,D,D,B,B,C,B,C,C,B,C
평화산업  ,D,D,C,C,D,D,C,C,C,D,C,B,B,B+,C,B+,B,B,B,B
평화홀딩스  ,C,D,C,B+,C,D,C,B+,C,D,D,B+,B,B+,C,B+,B,C,B,B+
포스코DX  ,-,-,-,-,-,-,-,-,-,-,-,-,A,A,A+,A,B+,B,A,B+
포스코스틸리온  ,A,A,A+,B+,A,A,A+,B+,A,B+,A+,B+,A,A,A+,A,A,B+,A+,B+
포스코인터내셔널  ,A,A,A+,A,A,A,A+,A,A,B+,A+,A,A+,A,A+,A+,A+,A,A+,A+
포스코퓨처엠  ,A,A,A+,A,A,A,A+,A,B+,B+,A,B,A,A,A+,B+,A,A,A+,B+
풀무원  ,A,A,A+,A,A,A,A+,A,A,B+,A+,A,A+,A,A+,A+,A+,A,A+,A+
풍산  ,B+,B+,B+,B+,B+,B+,B+,B+,B,C,B+,B+,B+,B,A,A,B+,B+,A,B+
풍산홀딩스  ,B+,B+,B+,B+,B+,B+,B+,B+,B,C,B+,B+,B,D,A,B+,B,B,B+,B
플레이그램  ,D,D,D,D,D,D,D,D,D,D,D,D,C,D,C,C,C,D,C,C
하나금융지주  ,A,A+,A+,A,A,A+,A+,A,A,A+,A+,A,A,A,A+,A,A,A,A,A
하나제약  ,C,D,C,C,C,D,C,C,C,D,C,B,B,D,B,B+,B,D,B,B+
하나투어  ,B+,B+,A,B+,B+,B+,A,B+,B+,B+,B+,B+,B+,B,A,B+,B,D,B,B
하이브  ,C,B,B+,C,C,B,B+,C,C,D,D,B,-,-,-,-,,,,
하이스틸  ,C,C,C,C,C,C,C,C,C,D,C,B,B,C,B,B+,B,B,C,B
하이트진로  ,B,A,A,C,B,A,A,C,B,B,B+,B,B+,B+,A,B,B,B,B,B
하이트진로홀딩스  ,B+,A,A,B,B+,A,A,B,B,B,B+,B,B+,B+,A,B,B,C,B,B
한국가스공사  ,A,A,A+,B+,A,A,A+,B+,B+,B+,A,B+,B+,B+,A,B+,A,B+,A+,B+
한국공항  ,B+,A,B,B+,B+,A,B,B+,C,C,B+,C,B,D,B,B+,C,D,B,B
한국금융지주  ,B+,C,B+,B+,B+,C,B+,B+,B,D,B+,B+,B+,C,A,B+,B,D,B+,B+
한국내화  ,C,B+,B+,D,C,B+,B+,D,C,C,B+,D,B,B,B,B,C,C,B,D
한국단자공업  ,C,C,B,C,C,C,B,C,D,D,C,C,C,C,C,B+,C,C,B,B
한국무브넥스  ,C,C,C,C,C,C,C,C,D,D,C,C,B,B,B+,B,C,B,B+,C
한국석유공업  ,B+,B+,B+,B+,B+,B+,B+,B+,B,D,B,B+,B+,B,B+,B+,C,C,C,B
한국수출포장공업  ,D,C,D,D,D,C,D,D,D,C,D,D,B,B,C,B+,B,B,C,B
한국쉘석유  ,C,C,C,B+,C,C,C,B+,C,C,C,B,B,C,B+,B+,B,C,B+,B
한국앤컴퍼니  ,B+,B+,A,B+,B+,B+,A,B+,B,C,B,B+,A,B+,A+,B+,B,B+,B+,B
한국자산신탁  ,C,C,C,B,C,C,C,B,C,C,D,B,C,C,B+,C,C,D,B,C
한국전력공사  ,B+,B,A,A,B+,B,A,A,B,B,B,B+,B+,B+,B+,B+,A,B+,A,A
한국전자홀딩스  ,D,C,C,D,D,C,C,D,D,C,D,D,B,B,B+,B,C,C,B,C
한국제지  ,C,C,C,C,C,C,C,C,D,D,C,D,B,B,B,B,B,B+,B,B
한국종합기술  ,C,C,C,B,C,C,C,B,C,D,C,B,B,B,C,B+,B,B,C,B
한국주강  ,D,D,D,D,D,D,D,D,D,D,D,D,D,D,D,C,C,D,C,C
한국주철관공업  ,D,C,D,D,D,C,D,D,D,C,C,D,C,C,C,B,C,C,C,B
한국철강  ,C,C,D,B,C,C,D,B,C,C,D,B,B,B,B,B+,C,B+,B,C
한국카본  ,B,B+,B+,C,B,B+,B+,C,C,B+,A,D,B,B,B+,B,B+,B,B,B+
한국콜마  ,A,A,A+,A,A,A,A+,A,B+,B+,B+,B+,B+,B+,A,B+,B+,B,B+,B+
한국타이어앤테크놀로지  ,B,B+,A+,D,B,B+,A+,D,B,B,A,C,B+,B+,A,B,B+,A,A,B
한국토지신탁  ,C,D,C,B,C,D,C,B,C,D,C,C,C,D,C,C,C,D,B,C
한국특강  ,C,C,C,C,C,C,C,C,D,C,C,D,C,C,B,B,B,B,B,B
한국항공우주  ,B+,B+,A,B+,B+,B+,A,B+,C,B,A,D,A,A,A+,B+,A,A,A+,B+
한국화장품  ,D,D,C,D,D,D,C,D,C,D,C,C,B,D,B,B,B,D,B+,B
한국화장품제조  ,D,D,C,D,D,D,C,D,D,D,C,C,C,C,B,B,C,D,B,B
한농화성  ,D,C,C,D,D,C,C,D,D,D,D,D,C,C,B,B,C,C,C,B
한독  ,A,A,A+,B+,A,A,A+,B+,B+,B,A,B+,A,B+,A,A,B+,B+,B+,B
한미글로벌  ,B+,A,A+,B,B+,A,A+,B,B+,B+,A,B+,A,A,A,A,B+,B,B+,B+
한미반도체  ,D,D,D,C,D,D,D,C,C,D,D,B,C,D,D,B,C,D,C,B
한미사이언스  ,B+,A,A,B,B+,A,A,B,B+,B,A+,B,A,B+,A+,A,B,B,B,B
한미약품  ,B+,A,A,B,B+,A,A,B,B+,B,A+,B,A,B+,A+,A,A,B+,A+,B+
한샘  ,A,A,A,A,A,A,A,A,A,B+,A,A,A,B+,A+,A,B+,B+,A+,B
한섬  ,A,A,A+,A,A,A,A+,A,B+,A,A,B,A,A,A+,A,A,B+,A,A
한성기업  ,C,B,B,D,C,B,B,D,D,D,D,D,C,D,B,B,C,D,B,C
한세실업  ,B+,B+,A,B+,B+,B+,A,B+,C,C,B+,C,B,B,B,B+,B,C,B,B+
한세엠케이  ,C,B,B+,C,C,B,B+,C,C,C,B,C,C,D,C,B+,C,C,C,B
한세예스24홀딩스  ,A,B+,A,A,A,B+,A,A,B+,C,B+,B+,B,D,B,B+,B,C,B,B
한솔로지스틱스  ,B,C,B+,B+,B,C,B+,B+,B+,C,A,B+,B+,B,B+,B+,B+,B,B+,A
한솔제지  ,A,A,A,A,A,A,A,A,B+,B+,A,B+,A,A,A,A,A,A,A,A
한솔케미칼  ,B+,B+,B+,B+,B+,B+,B+,B+,B,C,B+,B+,A,A,A,A,B+,B,B+,B+
한솔테크닉스  ,B+,B+,A,B+,B+,B+,A,B+,B+,B,A,B+,A,B+,A,A,B+,B+,B+,A
한솔피엔에스  ,B+,B,B,A,B+,B,B,A,B,C,B,B+,A,B+,B+,A,A,B+,B+,A
한솔홀딩스  ,A,B+,A,A,A,B+,A,A,A,B+,A,A,A,B+,A,A,A,B+,A,A
한솔홈데코  ,B+,B+,B+,B+,B+,B+,B+,B+,B,C,B,B+,A,B+,A,A,B+,B,B+,A
한신공영  ,D,C,C,D,D,C,C,D,D,D,C,D,C,C,C,B,C,C,B,B
한신기계공업  ,D,C,D,D,D,C,D,D,D,D,D,D,C,D,C,B+,C,B,C,C
한양증권  ,C,D,B,C,C,D,B,C,D,D,D,C,C,D,B+,C,C,D,B+,C
한온시스템  ,B+,B+,A+,B,B+,B+,A+,B,B,B+,A,C,B+,B+,B+,B+,B,B,B,B+
한올바이오파마  ,B,B,D,B+,B,B,D,B+,C,D,C,C,B,D,B,B+,B,D,B+,B
한익스프레스  ,C,C,C,C,C,C,C,C,D,D,C,D,C,B,B,C,C,B,C,D
한일시멘트  ,A,A,A+,B+,A,A,A+,B+,C,B+,A,D,B+,B+,B+,B,B,C,B+,B
한일철강  ,D,D,D,D,D,D,D,D,D,D,D,D,C,D,C,B,D,D,D,C
한일현대시멘트  ,B+,A,A+,B,B+,A,A+,B,B+,B+,B+,B,B+,B+,B+,B+,B+,B,B+,B+
한일홀딩스  ,A,A,A+,B+,A,A,A+,B+,C,B+,A,D,B,B+,B+,B,B,D,B+,B+
한전KPS  ,A,A,A,A,A,A,A,A,A,B+,A,A,B,B,B,B+,B+,B+,A,B+
한전기술  ,A,B+,A+,A,A,B+,A+,A,B+,B,B+,B+,B+,B,B+,B+,B+,B+,A,B+
한전산업  ,C,C,D,B,C,C,D,B,C,C,B,C,B+,B,B+,B+,B+,B,B+,B+
한진  ,A,A,A,A,A,A,A,A,B+,B+,A,B+,A,A,B+,A,B,B,C,B+
한진중공업홀딩스  ,C,D,C,B+,C,D,C,B+,C,D,D,B+,B,D,C,B+,B,D,C,B+
한진칼  ,A,A,A+,A,A,A,A+,A,A,A,A,A,A,A,A,A,B+,B,B,A
한창  ,D,D,D,D,D,D,D,D,D,D,D,D,B,D,B,B,C,D,B,C
한창제지  ,C,C,C,C,C,C,C,C,C,C,C,B,C,C,C,B,B,B,C,B
한컴라이프케어  ,C,C,B,D,C,C,B,D,,,,,,,,,,,,
한화  ,B+,B+,B+,B+,B+,B+,B+,B+,A,A,A+,A,A,A,A+,A,A,B+,A,A
한화생명  ,A,A,A+,B+,A,A,A+,B+,A,A,A+,B+,A,A+,A+,B+,A,A,A+,B+
한화손해보험  ,A,A,A,A,A,A,A,A,A,A,A,A,A,A,A+,B+,B+,B,A,B
한화솔루션  ,B+,A,A+,B,B+,A,A+,B,B,A,A,C,A,A,A+,B+,B+,A,A,B
한화시스템  ,A,A,A+,A,A,A,A+,A,A,B+,A+,A,A,B+,A,A,,,,
한화에어로스페이스  ,A,A,A,A,A,A,A,A,B+,B+,A,B,A,A,A,A,A,A,A,A
한화엔진  ,B+,B,A,B+,B+,B,A,B+,B+,B,A,B+,A,B+,A,A,A,B+,A,A
한화오션  ,B+,B+,B+,B+,B+,B+,B+,B+,B+,B,B+,B+,A,B,A+,A,B+,B+,B,A
한화투자증권  ,A,A,A+,B+,A,A,A+,B+,B+,B+,A,B+,B+,B+,A,B+,B+,B,A,B+
해성디에스  ,A,A,A+,B+,A,A,A+,B+,B+,B+,A,B+,A,A,A+,A,A,A,A,A
해태제과식품  ,D,D,C,D,D,D,C,D,C,D,B,C,B,D,B+,B+,B,D,B+,B
핸즈코퍼레이션  ,C,C,B,D,C,C,B,D,C,C,B,D,B,B,B,B+,B,B,B,B+
현대건설  ,A,A,A,A,A,A,A,A,A,A,A,B+,A,A,A,A,A,A+,A,A
현대글로비스  ,A+,A+,A+,A,A+,A+,A+,A,A,A,A+,A,A,A,A+,A,A,A,A+,A
현대로템  ,A,A,A+,A,A,A,A+,A,A,A,A+,A,A,A,A+,A,B+,B,A,B+
현대리바트  ,A,A,A+,B+,A,A,A+,B+,A,A,A,A,A,A,A+,A,A,B,A,A
현대모비스  ,A,A+,A+,B+,A,A+,A+,B+,A,A,A+,B+,A,A,A+,A,A,B+,A+,A
현대백화점  ,A+,A+,A+,A,A+,A+,A+,A,A,A,A,A,A,A,A+,A,A,B+,A,A
현대비앤지스틸  ,B,A,B+,C,B,A,B+,C,C,B+,B+,D,A,B+,A+,B+,B+,B+,A,B+
현대약품  ,C,C,C,B,C,C,C,B,D,D,C,D,B,C,B,B+,B,B,B+,B
현대엘리베이터  ,B+,B+,A,B+,B+,B+,A,B+,B,C,B,B,A,B+,A,A,A,B+,A,A
현대오토에버  ,A,A+,A+,B+,A,A+,A+,B+,B+,B+,A,B+,A,A,A+,A,,,,
현대위아  ,A+,A+,A+,A,A+,A+,A+,A,A,A,A,B+,A,A,A+,A,A,A,A+,A
현대자동차  ,A,A,A,B+,A,A,A,B+,B+,A,B+,B,A,A,A,A,A,A,A+,A
현대제철  ,A,A+,A,B+,A,A+,A,B+,A,A,A,B+,B+,B+,B+,A,B+,B+,B,B+
현대지에프홀딩스  ,A,A,A+,A,A,A,A+,A,A,A,A,A,A,A,A+,A,A,B+,A,A
현대차증권  ,A,B+,A+,B+,A,B+,A+,B+,A,B+,A+,B+,A,B+,A+,A,A,B,A+,A
현대코퍼레이션  ,B+,B,B+,B+,B+,B,B+,B+,B,C,B,B,B+,B+,A,B+,B,D,B,B
현대코퍼레이션홀딩스  ,B+,B,B+,B+,B+,B,B+,B+,B,C,B,B+,B+,C,A,B+,C,D,C,B
현대퓨처넷  ,A,A,A+,A,A,A,A+,A,A,A,A,A,,,,,B+,C,A,A
현대해상  ,A,A,A+,A,A,A,A+,A,B+,A,A,B+,A,A,A+,A,A,B+,A,A
현대홈쇼핑  ,A,A,A+,A,A,A,A+,A,A,A,A+,A,A,A,A+,A,A,A,A,A
형지엘리트  ,D,D,D,D,D,D,D,D,D,D,C,D,C,D,B,B,C,D,B,C
혜인  ,D,D,D,D,D,D,D,D,D,D,D,D,B,B,B,B,C,B,C,C
호전실업  ,C,D,D,B,C,D,D,B,D,D,D,C,C,D,C,B+,C,D,C,B+
호텔신라  ,A,A,A,A,A,A,A,A,A,B+,A,A,A,B+,A+,A,A,A,A,A
화성산업  ,C,C,C,B+,C,C,C,B+,B,C,B+,B,B,C,B+,B+,B,C,B,B+
화승알앤에이  ,B,B,B+,B,B,B,B+,B,,,,,,,,,,,,
화승엔터프라이즈  ,B+,B+,B+,B+,B+,B+,B+,B+,B+,B,B,A,B+,B,B+,A,B+,B+,B,A
화승인더스트리  ,B+,B+,B+,B+,B+,B+,B+,B+,C,C,C,B+,B+,B,B+,A,B,B,B,B+
화승코퍼레이션  ,B,C,B,B+,B,C,B,B+,C,C,C,B,B+,B+,B,B+,B+,B+,B,B+
화신  ,B+,B,A,B,B+,B,A,B,C,C,A,C,B+,B+,A,B+,C,D,B+,B
화인베스틸  ,D,C,C,D,D,C,C,D,D,C,D,D,B,B,C,B,B,B,C,B
화천기계  ,C,D,C,C,C,D,C,C,D,D,D,D,C,D,C,B,C,B,B,C
화천기공  ,C,D,C,C,C,D,C,C,D,D,D,C,B,D,B,B+,C,D,C,B
환인제약  ,B,C,C,B+,B,C,C,B+,B,D,B+,B+,B,D,B,B+,B,D,B+,B+
황금에스티  ,C,D,D,B,C,D,D,B,C,D,D,B,C,D,C,B,D,D,C,C
효성  ,A,A,A+,B+,A,A,A+,B+,B+,A,A+,B,A,A,A+,B+,B+,A,A+,B
효성 ITX  ,B+,B+,A+,B,B+,B+,A+,B,B+,B,A,B+,B+,C,B+,B+,B+,C,B+,B+
효성중공업  ,A,A,A+,B+,A,A,A+,B+,A,A,A+,B+,A,A,A+,A,A,A,A+,A
효성첨단소재  ,A,A,A+,A,A,A,A+,A,A,B+,A+,A,A,A,A+,A,A+,A+,A+,A
효성티앤씨  ,A,A+,A+,B+,A,A+,A+,B+,A,A,A+,B+,A,A,A+,A,A+,A+,A+,A
효성화학  ,A,A,A+,B+,A,A,A+,B+,A,A,A+,B+,A,A,A+,A,A+,A+,A+,A
후성  ,B+,A,A,B,B+,A,A,B,B,B,B+,B,B+,A,B,B,C,B,C,C
휠라홀딩스  ,A,A,A,B+,A,A,A,B+,B+,B,A,B+,A,B+,A+,A,B+,B,B+,B+
휴니드테크놀러지스  ,D,C,D,D,D,C,D,D,D,D,C,C,B,C,B+,B+,C,C,B,B
휴비스  ,A,B+,A+,B+,A,B+,A+,B+,B+,B+,A,B+,A,B+,A+,A,B+,B+,B+,B+
휴스틸  ,C,C,C,C,C,C,C,C,D,D,D,C,C,C,C,B,C,B,B,C
흥국화재  ,B+,B,B+,B+,B+,B,B+,B+,B+,C,B+,B+,B+,B,A,B,B,D,A,B
흥아해운  ,B,B,B+,B,B,B,B+,B,C,C,B,C,D,D,C,D,D,D,C,D
