,회사명,종합등급,환경,사회,지배구조
0,AJ네트웍스  2020  N  N,KCGS  B,환경  D,사회  B,지배구조 B
1,AK홀딩스  2020  N  N,KCGS  B+,환경  C,사회  B+,지배구조 B+
2,BGF  2020  N  N,KCGS  B+,환경  B,사회  A,지배구조 B+
3,BGF리테일  2020  N  N,KCGS  A,환경  B+,사회  B+,지배구조 A
4,BNK금융지주  2020  N  N,KCGS  A+,환경  B+,사회  A+,지배구조 A+
5,BYC  2020  N  N,KCGS  B,환경  D,사회  B,지배구조 B+
6,CJ  2020  N  N,KCGS  A,환경  B,사회  A,지배구조 A
7,CJ CGV  2020  N  N,KCGS  A,환경  B,사회  A,지배구조 A
8,CJ대한통운  2020  N  N,KCGS  A,환경  A,사회  B,지배구조 A
9,CJ씨푸드  2020  N  N,KCGS  B,환경  C,사회  B+,지배구조 B+
10,CJ제일제당  2020  N  N,KCGS  A,환경  A,사회  A+,지배구조 A
11,CS홀딩스  2020  N  N,KCGS  C,환경  D,사회  C,지배구조 B
12,DB  2020  N  N,KCGS  B,환경  D,사회  B,지배구조 B
13,DB금융투자  2020  N  N,KCGS  B,환경  D,사회  A,지배구조 B
14,DB손해보험  2020  N  N,KCGS  B+,환경  A,사회  A,지배구조 B+
15,DB하이텍  2020  N  N,KCGS  B+,환경  B+,사회  A,지배구조 B+
16,DGB금융지주  2020  N  N,KCGS  A+,환경  A,사회  A+,지배구조 A+
17,DL  2020  N  N,KCGS  B+,환경  A,사회  B+,지배구조 B+
18,DL건설  2020  N  N,KCGS  B,환경  B,사회  B+,지배구조 B
19,DN오토모티브  2020  N  N,KCGS  B,환경  B,사회  C,지배구조 B
20,DRB동일  2020  N  N,KCGS  B,환경  B,사회  B,지배구조 B
21,DSR  2020  N  N,KCGS  C,환경  B,사회  B,지배구조 C
22,DSR제강  2020  N  N,KCGS  C,환경  C,사회  B,지배구조 C
23,E1  2020  N  N,KCGS  B,환경  C,사회  A,지배구조 B+
24,F&F 홀딩스  2020  N  N,KCGS  D,환경  D,사회  C,지배구조 C
25,GKL  2020  N  N,KCGS  B+,환경  C,사회  A,지배구조 A
26,GS  2020  N  N,KCGS  B+,환경  C,사회  A,지배구조 A
27,GS건설  2020  N  N,KCGS  A,환경  A,사회  B+,지배구조 A
28,GS글로벌  2020  N  N,KCGS  B,환경  D,사회  B+,지배구조 B+
29,GS리테일  2020  N  N,KCGS  B,환경  C,사회  B,지배구조 B+
30,HDC  2020  N  N,KCGS  B+,환경  C,사회  B+,지배구조 B+
31,HDC랩스  2020  N  N,KCGS  C,환경  D,사회  C,지배구조 B
32,HDC현대EP  2020  N  N,KCGS  B,환경  B,사회  B+,지배구조 B
33,HDC현대산업개발  2020  N  N,KCGS  C,환경  C,사회  C,지배구조 B+
34,HD한국조선해양  2020  N  N,KCGS  B+,환경  B+,사회  C,지배구조 A
35,HD현대  2020  N  N,KCGS  A,환경  B+,사회  A,지배구조 A
36,HD현대건설기계  2020  N  N,KCGS  A,환경  B+,사회  A,지배구조 A
37,HD현대미포  2020  N  N,KCGS  A,환경  A,사회  A+,지배구조 A
38,HD현대인프라코어  2020  N  N,KCGS  A,환경  A,사회  A+,지배구조 A
39,HD현대일렉트릭  2020  N  N,KCGS  A,환경  A,사회  A+,지배구조 A
40,HJ중공업  2020  N  N,KCGS  B,환경  B,사회  B,지배구조 B+
41,HL D&I  2020  N  N,KCGS  B+,환경  B,사회  B+,지배구조 B+
42,HLB글로벌  2020  N  N,KCGS  C,환경  D,사회  B,지배구조 C
43,HL만도  2020  N  N,KCGS  A,환경  A,사회  A+,지배구조 A
44,HL홀딩스  2020  N  N,KCGS  B+,환경  B,사회  B+,지배구조 A
45,HMM  2020  N  N,KCGS  A,환경  A,사회  A+,지배구조 A
46,HS애드  2020  N  N,KCGS  B,환경  D,사회  B+,지배구조 B+
47,JB금융지주  2020  N  N,KCGS  A+,환경  A,사회  A,지배구조 A+
48,JW생명과학  2020  N  N,KCGS  B+,환경  B+,사회  B+,지배구조 B+
49,JW중외제약  2020  N  N,KCGS  B,환경  B,사회  B+,지배구조 B
50,JW홀딩스  2020  N  N,KCGS  B+,환경  C,사회  B+,지배구조 B+
51,KB금융  2020  N  N,KCGS  A+,환경  A+,사회  A+,지배구조 A+
52,KC그린홀딩스  2020  N  N,KCGS  B,환경  B,사회  B+,지배구조 B
53,KC코트렐  2020  N  N,KCGS  B,환경  B,사회  B,지배구조 B
54,KEC  2020  N  N,KCGS  B,환경  B+,사회  B+,지배구조 C
55,KG모빌리티  2020  N  N,KCGS  B+,환경  B+,사회  B,지배구조 B+
56,KG스틸  2020  N  N,KCGS  B,환경  B,사회  B+,지배구조 B
57,KG케미칼  2020  N  N,KCGS  D,환경  C,사회  C,지배구조 D
58,KH 필룩스  2020  N  N,KCGS  C,환경  C,사회  B,지배구조 B
59,KIB플러그에너지  2020  N  N,KCGS  C,환경  B,사회  C,지배구조 C
60,KISCO홀딩스  2020  N  N,KCGS  C,환경  B,사회  B,지배구조 C
61,KPX케미칼  2020  N  N,KCGS  B,환경  B,사회  C,지배구조 B
62,KPX홀딩스  2020  N  N,KCGS  C,환경  C,사회  C,지배구조 B
63,KR모터스  2020  N  N,KCGS  C,환경  D,사회  C,지배구조 B
64,KSS해운  2020  N  N,KCGS  B+,환경  B,사회  B+,지배구조 B+
65,KTcs  2020  N  N,KCGS  B,환경  D,사회  B+,지배구조 B+
66,KTis  2020  N  N,KCGS  B,환경  D,사회  B+,지배구조 B+
67,LF  2020  N  N,KCGS  B,환경  D,사회  B,지배구조 B+
68,LG  2020  N  N,KCGS  A,환경  B+,사회  A+,지배구조 B+
69,LG디스플레이  2020  N  N,KCGS  B+,환경  B,사회  A,지배구조 B+
70,LG생활건강  2020  N  N,KCGS  A,환경  A,사회  A+,지배구조 A
71,LG유플러스  2020  N  N,KCGS  B,환경  B+,사회  B+,지배구조 B
72,LG이노텍  2020  N  N,KCGS  A,환경  A,사회  A+,지배구조 B+
73,LG전자  2020  N  N,KCGS  B+,환경  A,사회  A+,지배구조 B
74,LG헬로비전  2020  N  N,KCGS  B+,환경  D,사회  B+,지배구조 A
75,LG화학  2020  N  N,KCGS  B,환경  C,사회  A,지배구조 B+
76,LIG넥스원  2020  N  N,KCGS  A,환경  B+,사회  A,지배구조 A
77,LS  2020  N  N,KCGS  B+,환경  B,사회  B+,지배구조 A
78,LS네트웍스  2020  N  N,KCGS  B,환경  D,사회  B+,지배구조 B
79,LS에코에너지  2020  N  N,KCGS  B,환경  D,사회  C,지배구조 B+
80,LX세미콘  2020  N  N,KCGS  B,환경  C,사회  B+,지배구조 B+
81,LX인터내셔널  2020  N  N,KCGS  A,환경  A,사회  A+,지배구조 A
82,LX하우시스  2020  N  N,KCGS  A,환경  A,사회  A+,지배구조 A
83,MH에탄올  2020  N  N,KCGS  B,환경  C,사회  B,지배구조 B+
84,NAVER  2020  N  N,KCGS  A,환경  B+,사회  B+,지배구조 A+
85,NH투자증권  2020  N  N,KCGS  B+,환경  B,사회  A+,지배구조 B+
86,NICE  2020  N  N,KCGS  B,환경  D,사회  B,지배구조 B+
87,NICE평가정보  2020  N  N,KCGS  B,환경  D,사회  B,지배구조 B
88,NI스틸  2020  N  N,KCGS  C,환경  D,사회  C,지배구조 B
89,OCI홀딩스  2020  N  N,KCGS  A,환경  A,사회  A+,지배구조 A
90,PI첨단소재  2020  N  N,KCGS  B,환경  C,사회  B,지배구조 B+
91,POSCO홀딩스  2020  N  N,KCGS  A,환경  A,사회  B,지배구조 A+
92,S-Oil  2020  N  N,KCGS  A+,환경  A,사회  A+,지배구조 A+
93,SBS  2020  N  N,KCGS  B,환경  C,사회  B,지배구조 B+
94,SGC에너지  2020  N  N,KCGS  C,환경  C,사회  B,지배구조 C
95,SG글로벌  2020  N  N,KCGS  D,환경  C,사회  C,지배구조 D
96,SG세계물산  2020  N  N,KCGS  C,환경  D,사회  B,지배구조 C
97,SHD  2020  N  N,KCGS  D,환경  D,사회  C,지배구조 D
98,SH에너지화학  2020  N  N,KCGS  C,환경  C,사회  C,지배구조 B+
99,SIMPAC  2020  N  N,KCGS  C,환경  C,사회  B,지배구조 C
100,SK  2020  N  N,KCGS  A+,환경  A,사회  A+,지배구조 A+
101,SKC  2020  N  N,KCGS  B+,환경  B+,사회  A+,지배구조 B
102,SK가스  2020  N  N,KCGS  A,환경  B+,사회  A+,지배구조 A
103,SK네트웍스  2020  N  N,KCGS  A,환경  B+,사회  A+,지배구조 A
104,SK디스커버리  2020  N  N,KCGS  A,환경  B,사회  A,지배구조 A
105,SK디앤디  2020  N  N,KCGS  B,환경  C,사회  B,지배구조 B+
106,SK렌터카  2020  N  N,KCGS  B,환경  B,사회  C,지배구조 B
107,SK이노베이션  2020  N  N,KCGS  A,환경  A,사회  A,지배구조 A
108,SK증권  2020  N  N,KCGS  B,환경  D,사회  A,지배구조 B
109,SK케미칼  2020  N  N,KCGS  B+,환경  B+,사회  A,지배구조 B+
110,SK텔레콤  2020  N  N,KCGS  A,환경  A+,사회  A,지배구조 A
111,SK하이닉스  2020  N  N,KCGS  A,환경  A,사회  A+,지배구조 A
112,SNT다이내믹스  2020  N  N,KCGS  B+,환경  B+,사회  B+,지배구조 B+
113,SNT모티브  2020  N  N,KCGS  B+,환경  B,사회  B+,지배구조 B+
114,SNT에너지  2020  N  N,KCGS  B+,환경  B,사회  B,지배구조 B+
115,SNT홀딩스  2020  N  N,KCGS  B+,환경  C,사회  B+,지배구조 B+
116,SPC삼립  2020  N  N,KCGS  B+,환경  B,사회  A,지배구조 B
117,STX  2020  N  N,KCGS  B,환경  C,사회  B+,지배구조 B
118,STX엔진  2020  N  N,KCGS  B+,환경  B+,사회  B+,지배구조 B
119,STX중공업  2020  N  N,KCGS  B,환경  C,사회  B+,지배구조 B+
120,SUN&L  2020  N  N,KCGS  B+,환경  B,사회  B,지배구조 B+
121,TCC스틸  2020  N  N,KCGS  C,환경  B,사회  B,지배구조 C
122,TP  2020  N  N,KCGS  C,환경  D,사회  B+,지배구조 B
123,TYM  2020  N  N,KCGS  B+,환경  B,사회  B+,지배구조 B+
124,WISCOM  2020  N  N,KCGS  C,환경  C,사회  C,지배구조 B+
125,YG PLUS  2020  N  N,KCGS  B,환경  D,사회  B,지배구조 B
126,가온전선  2020  N  N,KCGS  B+,환경  B,사회  B+,지배구조 B+
127,강남제비스코  2020  N  N,KCGS  B,환경  B,사회  C,지배구조 B
128,강원랜드  2020  N  N,KCGS  A,환경  B,사회  A,지배구조 A
129,갤럭시아에스엠  2020  N  N,KCGS  C,환경  D,사회  C,지배구조 C
130,경농  2020  N  N,KCGS  C,환경  B,사회  B+,지배구조 C
131,경동나비엔  2020  N  N,KCGS  B+,환경  B,사회  B+,지배구조 B+
132,경동도시가스  2020  N  N,KCGS  B+,환경  B,사회  A,지배구조 B+
133,경동인베스트  2020  N  N,KCGS  B,환경  C,사회  B,지배구조 B+
134,경방  2020  N  N,KCGS  C,환경  C,사회  B,지배구조 B
135,경보제약  2020  N  N,KCGS  B,환경  B,사회  B,지배구조 B
136,경인양행  2020  N  N,KCGS  B,환경  B,사회  C,지배구조 B
137,경인전자  2020  N  N,KCGS  C,환경  D,사회  C,지배구조 B
138,계룡건설산업  2020  N  N,KCGS  B,환경  B,사회  B,지배구조 B+
139,계양전기  2020  N  N,KCGS  B,환경  B,사회  B+,지배구조 B
140,고려산업  2020  N  N,KCGS  C,환경  C,사회  C,지배구조 C
141,고려아연  2020  N  N,KCGS  B,환경  B+,사회  C,지배구조 B+
142,고려제강  2020  N  N,KCGS  B,환경  B+,사회  B+,지배구조 C
143,광동제약  2020  N  N,KCGS  B,환경  C,사회  B+,지배구조 B+
144,광명전기  2020  N  N,KCGS  C,환경  C,사회  C,지배구조 C
145,광전자  2020  N  N,KCGS  B,환경  C,사회  B,지배구조 B+
146,광주신세계  2020  N  N,KCGS  B+,환경  C,사회  A,지배구조 B+
147,교보증권  2020  N  N,KCGS  B,환경  D,사회  B+,지배구조 B
148,국도화학  2020  N  N,KCGS  B,환경  B,사회  B,지배구조 B
149,국동  2020  N  N,KCGS  B,환경  D,사회  C,지배구조 B+
150,국보  2020  N  N,KCGS  C,환경  B,사회  C,지배구조 C
151,국제약품  2020  N  N,KCGS  C,환경  D,사회  B,지배구조 C
152,그린케미칼  2020  N  N,KCGS  B,환경  B,사회  B,지배구조 B
153,극동유화  2020  N  N,KCGS  B,환경  B,사회  C,지배구조 B
154,금강공업  2020  N  N,KCGS  C,환경  C,사회  B,지배구조 B
155,금비  2020  N  N,KCGS  C,환경  C,사회  B,지배구조 C
156,금양  2020  N  N,KCGS  D,환경  D,사회  C,지배구조 C
157,금호건설  2020  N  N,KCGS  C,환경  B,사회  B+,지배구조 C
158,금호석유화학  2020  N  N,KCGS  A,환경  B+,사회  A,지배구조 A
159,금호에이치티  2020  N  N,KCGS  D,환경  D,사회  C,지배구조 C
160,금호전기  2020  N  N,KCGS  B,환경  B,사회  B,지배구조 B
161,금호타이어  2020  N  N,KCGS  B,환경  B,사회  C,지배구조 B+
162,기신정기  2020  N  N,KCGS  C,환경  D,사회  B,지배구조 B
163,기아  2020  N  N,KCGS  A,환경  A,사회  A+,지배구조 B+
164,기업은행  2020  N  N,KCGS  B+,환경  B+,사회  A,지배구조 B+
165,까뮤이앤씨  2020  N  N,KCGS  C,환경  D,사회  C,지배구조 B
166,깨끗한나라  2020  N  N,KCGS  B+,환경  B,사회  B+,지배구조 B+
167,남광토건  2020  N  N,KCGS  B,환경  B,사회  B,지배구조 B
168,남선알미늄  2020  N  N,KCGS  B,환경  C,사회  B+,지배구조 B
169,남성  2020  N  N,KCGS  C,환경  D,사회  B,지배구조 B
170,남양유업  2020  N  N,KCGS  B,환경  C,사회  B,지배구조 B+
171,남해화학  2020  N  N,KCGS  B,환경  B,사회  B,지배구조 B+
172,넥센  2020  N  N,KCGS  B+,환경  B,사회  B+,지배구조 B+
173,넥센타이어  2020  N  N,KCGS  B+,환경  B+,사회  B+,지배구조 B
174,넷마블  2020  N  N,KCGS  B,환경  D,사회  B+,지배구조 B+
175,노루페인트  2020  N  N,KCGS  B,환경  B,사회  B,지배구조 B
176,노루홀딩스  2020  N  N,KCGS  C,환경  C,사회  B,지배구조 C
177,녹십자  2020  N  N,KCGS  B+,환경  B,사회  A,지배구조 B
178,녹십자홀딩스  2020  N  N,KCGS  B,환경  C,사회  B+,지배구조 B
179,농심  2020  N  N,KCGS  B+,환경  B+,사회  A,지배구조 B
180,농심홀딩스  2020  N  N,KCGS  B+,환경  B,사회  B+,지배구조 B+
181,다스코  2020  N  N,KCGS  B,환경  C,사회  B,지배구조 B+
182,다올투자증권  2020  N  N,KCGS  C,환경  D,사회  B,지배구조 C
183,다우기술  2020  N  N,KCGS  B,환경  C,사회  B+,지배구조 B
184,다이나믹디자인  2020  N  N,KCGS  C,환경  D,사회  C,지배구조 C
185,대교  2020  N  N,KCGS  B+,환경  D,사회  B+,지배구조 A
186,대구백화점  2020  N  N,KCGS  B,환경  D,사회  B,지배구조 B+
187,대덕  2020  N  N,KCGS  A,환경  B+,사회  A,지배구조 A
188,대동  2020  N  N,KCGS  B,환경  B,사회  B,지배구조 B
189,대동전자  2020  N  N,KCGS  C,환경  B,사회  C,지배구조 C
190,대림비앤코  2020  N  N,KCGS  B,환경  C,사회  B,지배구조 B+
191,대림통상  2020  N  N,KCGS  B,환경  B,사회  B,지배구조 B
192,대상  2020  N  N,KCGS  B,환경  B,사회  B+,지배구조 B
193,대상홀딩스  2020  N  N,KCGS  B,환경  C,사회  B,지배구조 B
194,대성산업  2020  N  N,KCGS  C,환경  C,사회  B,지배구조 C
195,대성에너지  2020  N  N,KCGS  B,환경  B,사회  B+,지배구조 B
196,대성홀딩스  2020  N  N,KCGS  B,환경  C,사회  B+,지배구조 B
197,대신증권  2020  N  N,KCGS  B,환경  D,사회  B+,지배구조 B+
198,대양금속  2020  N  N,KCGS  B,환경  B,사회  C,지배구조 B
199,대영포장  2020  N  N,KCGS  C,환경  B,사회  C,지배구조 D
200,대우건설  2020  N  N,KCGS  B+,환경  A,사회  B,지배구조 B+
201,대우부품  2020  N  N,KCGS  D,환경  D,사회  C,지배구조 C
202,대웅  2020  N  N,KCGS  C,환경  C,사회  B+,지배구조 C
203,대웅제약  2020  N  N,KCGS  B+,환경  B,사회  B+,지배구조 B+
204,대원강업  2020  N  N,KCGS  B,환경  B,사회  B+,지배구조 B
205,대원전선  2020  N  N,KCGS  C,환경  C,사회  C,지배구조 C
206,대원제약  2020  N  N,KCGS  B,환경  D,사회  B+,지배구조 B+
207,대원화성  2020  N  N,KCGS  B+,환경  B+,사회  B,지배구조 B+
208,대유에이텍  2020  N  N,KCGS  C,환경  C,사회  C,지배구조 C
209,대유플러스  2020  N  N,KCGS  C,환경  C,사회  C,지배구조 C
210,대창  2020  N  N,KCGS  C,환경  B+,사회  B,지배구조 C
211,대창단조  2020  N  N,KCGS  B,환경  B,사회  B,지배구조 B
212,대한방직  2020  N  N,KCGS  C,환경  C,사회  C,지배구조 B+
213,대한유화  2020  N  N,KCGS  B,환경  B+,사회  B+,지배구조 C
214,대한전선  2020  N  N,KCGS  B+,환경  B,사회  B+,지배구조 B+
215,대한제강  2020  N  N,KCGS  B,환경  B+,사회  B,지배구조 B
216,대한제당  2020  N  N,KCGS  C,환경  C,사회  C,지배구조 B
217,대한제분  2020  N  N,KCGS  C,환경  C,사회  B,지배구조 C
218,대한항공  2020  N  N,KCGS  A,환경  A,사회  A+,지배구조 B+
219,대한해운  2020  N  N,KCGS  B,환경  C,사회  B,지배구조 B
220,대한화섬  2020  N  N,KCGS  C,환경  B,사회  B+,지배구조 C
221,대현  2020  N  N,KCGS  C,환경  D,사회  C,지배구조 B
222,대호에이엘  2020  N  N,KCGS  B,환경  B,사회  C,지배구조 B
223,더블유게임즈  2020  N  N,KCGS  B,환경  D,사회  B+,지배구조 B+
224,더존비즈온  2020  N  N,KCGS  B,환경  C,사회  B+,지배구조 B
225,덕성  2020  N  N,KCGS  B,환경  B,사회  C,지배구조 B+
226,덕양산업  2020  N  N,KCGS  B,환경  B,사회  B,지배구조 B
227,덴티움  2020  N  N,KCGS  C,환경  D,사회  C,지배구조 B+
228,도화엔지니어링  2020  N  N,KCGS  B+,환경  B,사회  B,지배구조 B+
229,동국홀딩스  2020  N  N,KCGS  B+,환경  B+,사회  B+,지배구조 B
230,동남합성  2020  N  N,KCGS  C,환경  D,사회  C,지배구조 B
231,동방  2020  N  N,KCGS  C,환경  B,사회  C,지배구조 C
232,동방아그로  2020  N  N,KCGS  C,환경  D,사회  C,지배구조 B
233,동부건설  2020  N  N,KCGS  C,환경  C,사회  B,지배구조 B
234,동서  2020  N  N,KCGS  C,환경  D,사회  B,지배구조 C
235,동성제약  2020  N  N,KCGS  C,환경  D,사회  B,지배구조 B
236,동성케미컬  2020  N  N,KCGS  B,환경  B,사회  B+,지배구조 B
237,동아쏘시오홀딩스  2020  N  N,KCGS  B+,환경  C,사회  A,지배구조 A
238,동아에스티  2020  N  N,KCGS  B+,환경  D,사회  B+,지배구조 A
239,동아지질  2020  N  N,KCGS  C,환경  C,사회  C,지배구조 C
240,동아타이어  2020  N  N,KCGS  B,환경  C,사회  B,지배구조 B
241,동양  2020  N  N,KCGS  C,환경  C,사회  C,지배구조 B
242,동양고속  2020  N  N,KCGS  B,환경  C,사회  B,지배구조 B+
243,동양생명  2020  N  N,KCGS  B,환경  D,사회  B+,지배구조 B+
244,동양철관  2020  N  N,KCGS  C,환경  C,사회  C,지배구조 C
245,동양피스톤  2020  N  N,KCGS  B,환경  B,사회  B,지배구조 B+
246,동원F&B  2020  N  N,KCGS  B,환경  B,사회  B+,지배구조 B
247,동원금속  2020  N  N,KCGS  B,환경  C,사회  B,지배구조 B+
248,동원산업  2020  N  N,KCGS  B,환경  C,사회  B,지배구조 B+
249,동원수산  2020  N  N,KCGS  C,환경  D,사회  B,지배구조 B
250,동원시스템즈  2020  N  N,KCGS  C,환경  B,사회  B,지배구조 C
251,동일고무벨트  2020  N  N,KCGS  B+,환경  B,사회  B+,지배구조 B+
252,동일산업  2020  N  N,KCGS  B,환경  B+,사회  C,지배구조 B+
253,동일제강  2020  N  N,KCGS  C,환경  C,사회  C,지배구조 B
254,동화약품  2020  N  N,KCGS  B,환경  D,사회  B+,지배구조 B
255,두산  2020  N  N,KCGS  A+,환경  A+,사회  A+,지배구조 A
256,두산밥캣  2020  N  N,KCGS  B+,환경  D,사회  A,지배구조 A
257,두산에너빌리티  2020  N  N,KCGS  A,환경  A,사회  A+,지배구조 B+
258,두올  2020  N  N,KCGS  B,환경  C,사회  B,지배구조 B+
259,디씨엠  2020  N  N,KCGS  C,환경  C,사회  C,지배구조 B
260,디아이  2020  N  N,KCGS  B,환경  B,사회  B,지배구조 B
261,디아이동일  2020  N  N,KCGS  D,환경  D,사회  C,지배구조 C
262,디아이씨  2020  N  N,KCGS  C,환경  C,사회  B,지배구조 C
263,디와이  2020  N  N,KCGS  C,환경  C,사회  C,지배구조 B+
264,디와이파워  2020  N  N,KCGS  C,환경  D,사회  B,지배구조 B
265,락앤락  2020  N  N,KCGS  C,환경  C,사회  B+,지배구조 C
266,롯데관광개발  2020  N  N,KCGS  C,환경  D,사회  B,지배구조 C
267,롯데손해보험  2020  N  N,KCGS  B+,환경  C,사회  A,지배구조 A
268,롯데쇼핑  2020  N  N,KCGS  A,환경  A,사회  A+,지배구조 A
269,롯데에너지머티리얼즈  2020  N  N,KCGS  C,환경  B,사회  C,지배구조 C
270,롯데웰푸드  2020  N  N,KCGS  A,환경  A,사회  A+,지배구조 B+
271,롯데이노베이트  2020  N  N,KCGS  A,환경  B+,사회  A,지배구조 A
272,롯데정밀화학  2020  N  N,KCGS  A,환경  A,사회  A+,지배구조 A
273,롯데지주  2020  N  N,KCGS  B+,환경  B,사회  A,지배구조 B
274,롯데칠성음료  2020  N  N,KCGS  B+,환경  B+,사회  A,지배구조 B+
275,롯데케미칼  2020  N  N,KCGS  B+,환경  B,사회  A,지배구조 A
276,롯데푸드  2020  N  N,KCGS  A,환경  B+,사회  A+,지배구조 B+
277,롯데하이마트  2020  N  N,KCGS  A,환경  B+,사회  A+,지배구조 A
278,마니커  2020  N  N,KCGS  C,환경  D,사회  B+,지배구조 C
279,만호제강  2020  N  N,KCGS  C,환경  C,사회  B,지배구조 B
280,메리츠금융지주  2020  N  N,KCGS  B+,환경  D,사회  B+,지배구조 A
281,메리츠증권  2020  N  N,KCGS  B+,환경  B,사회  A,지배구조 B+
282,메리츠화재  2020  N  N,KCGS  B,환경  D,사회  B+,지배구조 B+
283,메타랩스  2020  N  N,KCGS  C,환경  D,사회  B,지배구조 B
284,명문제약  2020  N  N,KCGS  C,환경  D,사회  B,지배구조 B
285,모나리자  2020  N  N,KCGS  B,환경  B,사회  B,지배구조 B
286,모나미  2020  N  N,KCGS  C,환경  D,사회  C,지배구조 B
287,모토닉  2020  N  N,KCGS  B,환경  B,사회  B,지배구조 B
288,무림P&P  2020  N  N,KCGS  B+,환경  B+,사회  B+,지배구조 B+
289,무림페이퍼  2020  N  N,KCGS  B+,환경  B+,사회  B+,지배구조 B+
290,무학  2020  N  N,KCGS  C,환경  B,사회  C,지배구조 C
291,문배철강  2020  N  N,KCGS  C,환경  D,사회  C,지배구조 B
292,미래산업  2020  N  N,KCGS  B,환경  B,사회  C,지배구조 B
293,미래아이앤지  2020  N  N,KCGS  C,환경  D,사회  C,지배구조 C
294,미래에셋생명  2020  N  N,KCGS  B,환경  D,사회  B+,지배구조 B
295,미래에셋증권  2020  N  N,KCGS  A,환경  B+,사회  A+,지배구조 B+
296,미원상사  2020  N  N,KCGS  C,환경  D,사회  B,지배구조 B
297,미원에스씨  2020  N  N,KCGS  C,환경  C,사회  C,지배구조 B
298,미원홀딩스  2020  N  N,KCGS  C,환경  C,사회  C,지배구조 C
299,미원화학  2020  N  N,KCGS  C,환경  C,사회  C,지배구조 C
300,미창석유공업  2020  N  N,KCGS  C,환경  C,사회  C,지배구조 B
301,방림  2020  N  N,KCGS  B,환경  B,사회  C,지배구조 B
302,백광산업  2020  N  N,KCGS  C,환경  B,사회  C,지배구조 D
303,백산  2020  N  N,KCGS  C,환경  C,사회  B,지배구조 B
304,범양건영  2020  N  N,KCGS  C,환경  D,사회  C,지배구조 B
305,벽산  2020  N  N,KCGS  C,환경  B,사회  B,지배구조 C
306,보락  2020  N  N,KCGS  C,환경  D,사회  C,지배구조 B
307,보령  2020  N  N,KCGS  C,환경  D,사회  B,지배구조 B
308,보해양조  2020  N  N,KCGS  B,환경  B,사회  B,지배구조 B
309,부광약품  2020  N  N,KCGS  C,환경  D,사회  C,지배구조 B
310,부국증권  2020  N  N,KCGS  B,환경  D,사회  B,지배구조 B
311,부국철강  2020  N  N,KCGS  D,환경  D,사회  C,지배구조 C
312,부산산업  2020  N  N,KCGS  D,환경  D,사회  C,지배구조 C
313,부산주공  2020  N  N,KCGS  C,환경  B,사회  C,지배구조 C
314,비비안  2020  N  N,KCGS  C,환경  D,사회  B,지배구조 B
315,비상교육  2020  N  N,KCGS  B,환경  D,사회  B+,지배구조 B
316,비에이치  2020  N  N,KCGS  D,환경  D,사회  C,지배구조 C
317,비케이탑스  2020  N  N,KCGS  C,환경  D,사회  B,지배구조 D
318,빙그레  2020  N  N,KCGS  A,환경  B+,사회  A+,지배구조 A
319,사조대림  2020  N  N,KCGS  C,환경  D,사회  B,지배구조 B
320,사조동아원  2020  N  N,KCGS  C,환경  D,사회  C,지배구조 B
321,사조산업  2020  N  N,KCGS  D,환경  D,사회  C,지배구조 D
322,사조씨푸드  2020  N  N,KCGS  C,환경  D,사회  B,지배구조 B
323,사조오양  2020  N  N,KCGS  C,환경  D,사회  B,지배구조 C
324,삼부토건  2020  N  N,KCGS  C,환경  C,사회  B,지배구조 B
325,삼성E&A  2020  N  N,KCGS  A,환경  A,사회  A+,지배구조 A
326,삼성SDI  2020  N  N,KCGS  A,환경  A,사회  A,지배구조 B+
327,삼성공조  2020  N  N,KCGS  C,환경  C,사회  C,지배구조 B
328,삼성물산  2020  N  N,KCGS  A,환경  A+,사회  A,지배구조 B+
329,삼성바이오로직스  2020  N  N,KCGS  B+,환경  B,사회  A,지배구조 B+
330,삼성생명  2020  N  N,KCGS  B+,환경  A,사회  A,지배구조 B+
331,삼성에스디에스  2020  N  N,KCGS  A,환경  B+,사회  A+,지배구조 A
332,삼성전기  2020  N  N,KCGS  A,환경  A,사회  A+,지배구조 B+
333,삼성전자  2020  N  N,KCGS  B,환경  A,사회  A+,지배구조 C
334,삼성제약  2020  N  N,KCGS  C,환경  B,사회  C,지배구조 D
335,삼성중공업  2020  N  N,KCGS  B+,환경  B+,사회  B,지배구조 A
336,삼성증권  2020  N  N,KCGS  B+,환경  B,사회  A+,지배구조 B
337,삼성출판사  2020  N  N,KCGS  C,환경  D,사회  C,지배구조 B
338,삼성카드  2020  N  N,KCGS  B,환경  D,사회  B+,지배구조 B+
339,삼성화재해상보험  2020  N  N,KCGS  A,환경  A+,사회  A+,지배구조 A
340,삼아알미늄  2020  N  N,KCGS  B,환경  B,사회  C,지배구조 B
341,삼양사  2020  N  N,KCGS  B+,환경  B+,사회  B+,지배구조 B
342,삼양식품  2020  N  N,KCGS  B,환경  B,사회  B,지배구조 B
343,삼양통상  2020  N  N,KCGS  C,환경  B,사회  C,지배구조 D
344,삼양패키징  2020  N  N,KCGS  C,환경  C,사회  B+,지배구조 C
345,삼양홀딩스  2020  N  N,KCGS  B+,환경  B,사회  B+,지배구조 B+
346,삼영  2020  N  N,KCGS  C,환경  B,사회  C,지배구조 C
347,삼영무역  2020  N  N,KCGS  C,환경  D,사회  C,지배구조 C
348,삼영전자공업  2020  N  N,KCGS  B+,환경  B+,사회  B+,지배구조 B
349,삼원강재  2020  N  N,KCGS  B,환경  B+,사회  C,지배구조 B
350,삼익THK  2020  N  N,KCGS  B+,환경  B,사회  B,지배구조 B+
351,삼익악기  2020  N  N,KCGS  C,환경  D,사회  C,지배구조 B
352,삼일씨엔에스  2020  N  N,KCGS  B,환경  C,사회  B,지배구조 B+
353,삼일제약  2020  N  N,KCGS  B,환경  D,사회  B+,지배구조 B
354,삼정펄프  2020  N  N,KCGS  C,환경  C,사회  B,지배구조 C
355,삼진제약  2020  N  N,KCGS  B,환경  D,사회  B+,지배구조 B
356,삼천리  2020  N  N,KCGS  B+,환경  B+,사회  A,지배구조 B+
357,삼호개발  2020  N  N,KCGS  D,환경  D,사회  C,지배구조 C
358,삼화왕관  2020  N  N,KCGS  B,환경  B,사회  C,지배구조 B
359,삼화전기  2020  N  N,KCGS  C,환경  C,사회  B,지배구조 B
360,삼화전자공업  2020  N  N,KCGS  D,환경  D,사회  C,지배구조 C
361,삼화콘덴서공업  2020  N  N,KCGS  B,환경  B,사회  B,지배구조 B
362,삼화페인트공업  2020  N  N,KCGS  B+,환경  B,사회  B+,지배구조 B+
363,상상인증권  2020  N  N,KCGS  C,환경  D,사회  B,지배구조 C
364,상신브레이크  2020  N  N,KCGS  B,환경  B,사회  B,지배구조 B
365,새론오토모티브  2020  N  N,KCGS  B,환경  B,사회  B,지배구조 B
366,샘표  2020  N  N,KCGS  C,환경  B,사회  B+,지배구조 C
367,샘표식품  2020  N  N,KCGS  C,환경  B,사회  B+,지배구조 C
368,서연  2020  N  N,KCGS  B+,환경  C,사회  B+,지배구조 B+
369,서연이화  2020  N  N,KCGS  B+,환경  B,사회  B+,지배구조 B+
370,서울도시가스  2020  N  N,KCGS  B,환경  C,사회  B+,지배구조 B
371,서울식품공업  2020  N  N,KCGS  B,환경  B,사회  B,지배구조 B
372,서원  2020  N  N,KCGS  B,환경  B,사회  C,지배구조 B
373,서흥  2020  N  N,KCGS  C,환경  C,사회  C,지배구조 B
374,선도전기  2020  N  N,KCGS  B,환경  B,사회  C,지배구조 B
375,선진  2020  N  N,KCGS  B,환경  D,사회  B,지배구조 B+
376,성문전자  2020  N  N,KCGS  C,환경  C,사회  B,지배구조 C
377,성보화학  2020  N  N,KCGS  C,환경  D,사회  B,지배구조 B
378,성신양회  2020  N  N,KCGS  C,환경  B+,사회  B,지배구조 C
379,성안머티리얼스  2020  N  N,KCGS  C,환경  C,사회  C,지배구조 B
380,성창기업지주  2020  N  N,KCGS  C,환경  D,사회  C,지배구조 C
381,세기상사  2020  N  N,KCGS  C,환경  D,사회  C,지배구조 C
382,세방  2020  N  N,KCGS  B+,환경  B,사회  B+,지배구조 B+
383,세방전지  2020  N  N,KCGS  B,환경  B+,사회  B,지배구조 B
384,세아베스틸지주  2020  N  N,KCGS  B,환경  B,사회  B,지배구조 B+
385,세아제강  2020  N  N,KCGS  B,환경  B,사회  B+,지배구조 B
386,세아제강지주  2020  N  N,KCGS  B,환경  C,사회  B,지배구조 B
387,세아특수강  2020  N  N,KCGS  B,환경  B,사회  C,지배구조 B
388,세아홀딩스  2020  N  N,KCGS  B,환경  C,사회  B,지배구조 B+
389,세우글로벌  2020  N  N,KCGS  C,환경  B,사회  C,지배구조 C
390,세원이앤씨  2020  N  N,KCGS  B,환경  B,사회  B,지배구조 B
391,세원정공  2020  N  N,KCGS  C,환경  C,사회  B+,지배구조 D
392,세이브존I&C  2020  N  N,KCGS  C,환경  D,사회  B,지배구조 C
393,세진중공업  2020  N  N,KCGS  B,환경  D,사회  B+,지배구조 B+
394,셀트리온  2020  N  N,KCGS  B+,환경  B,사회  B,지배구조 B+
395,송원산업  2020  N  N,KCGS  B,환경  B+,사회  B+,지배구조 C
396,수산중공업  2020  N  N,KCGS  B,환경  B,사회  B,지배구조 B
397,스틱인베스트먼트  2020  N  N,KCGS  B,환경  D,사회  B,지배구조 B+
398,시디즈  2020  N  N,KCGS  C,환경  D,사회  C,지배구조 B
399,시알홀딩스  2020  N  N,KCGS  C,환경  B,사회  B,지배구조 C
400,신대양제지  2020  N  N,KCGS  C,환경  C,사회  C,지배구조 C
401,신도리코  2020  N  N,KCGS  B,환경  B,사회  B+,지배구조 B
402,신라교역  2020  N  N,KCGS  C,환경  D,사회  C,지배구조 B
403,신성이엔지  2020  N  N,KCGS  C,환경  C,사회  C,지배구조 B
404,신성통상  2020  N  N,KCGS  C,환경  C,사회  D,지배구조 C
405,신세계  2020  N  N,KCGS  A,환경  B+,사회  A,지배구조 A
406,신세계I&C  2020  N  N,KCGS  B+,환경  B,사회  B+,지배구조 B+
407,신세계건설  2020  N  N,KCGS  B,환경  C,사회  B,지배구조 B+
408,신세계인터내셔날  2020  N  N,KCGS  A,환경  B,사회  A,지배구조 A
409,신세계푸드  2020  N  N,KCGS  B+,환경  B,사회  B+,지배구조 B+
410,신송홀딩스  2020  N  N,KCGS  B,환경  D,사회  B,지배구조 B+
411,신영와코루  2020  N  N,KCGS  C,환경  D,사회  B,지배구조 C
412,신영증권  2020  N  N,KCGS  B,환경  D,사회  B,지배구조 B+
413,신원  2020  N  N,KCGS  D,환경  D,사회  C,지배구조 C
414,신일전자  2020  N  N,KCGS  C,환경  D,사회  C,지배구조 B
415,신풍  2020  N  N,KCGS  B,환경  B+,사회  C,지배구조 B
416,신풍제약  2020  N  N,KCGS  B,환경  D,사회  B,지배구조 B+
417,신한지주  2020  N  N,KCGS  A+,환경  A+,사회  A,지배구조 A+
418,신흥  2020  N  N,KCGS  B,환경  D,사회  B,지배구조 B
419,쌍방울  2020  N  N,KCGS  C,환경  D,사회  B,지배구조 C
420,쌍용씨앤이  2020  N  N,KCGS  B+,환경  B,사회  B+,지배구조 B+
421,써니전자  2020  N  N,KCGS  C,환경  C,사회  B,지배구조 B
422,씨아이테크  2020  N  N,KCGS  C,환경  D,사회  C,지배구조 C
423,씨에스윈드  2020  N  N,KCGS  B,환경  B,사회  C,지배구조 B
424,아남전자  2020  N  N,KCGS  C,환경  C,사회  C,지배구조 C
425,아모레퍼시픽  2020  N  N,KCGS  A,환경  A,사회  A+,지배구조 A
426,아모레퍼시픽그룹  2020  N  N,KCGS  A,환경  A,사회  A+,지배구조 A
427,아세아  2020  N  N,KCGS  C,환경  C,사회  B,지배구조 C
428,아세아시멘트  2020  N  N,KCGS  B+,환경  B+,사회  B+,지배구조 B
429,아세아제지  2020  N  N,KCGS  B,환경  C,사회  B,지배구조 B
430,아시아나IDT  2020  N  N,KCGS  C,환경  D,사회  B,지배구조 C
431,아시아나항공  2020  N  N,KCGS  C,환경  B+,사회  B+,지배구조 D
432,아이마켓코리아  2020  N  N,KCGS  B,환경  D,사회  B,지배구조 B+
433,아이에스동서  2020  N  N,KCGS  B,환경  B,사회  B,지배구조 B+
434,아이에이치큐  2020  N  N,KCGS  B,환경  D,사회  B,지배구조 B+
435,알루코  2020  N  N,KCGS  B,환경  B,사회  B,지배구조 B
436,애경산업  2020  N  N,KCGS  B,환경  C,사회  B+,지배구조 B
437,애경케미칼  2020  N  N,KCGS  B,환경  B+,사회  C,지배구조 B
438,에넥스  2020  N  N,KCGS  B,환경  B,사회  B+,지배구조 B
439,에스메디  2020  N  N,KCGS  C,환경  D,사회  C,지배구조 B
440,에스엘  2020  N  N,KCGS  C,환경  B,사회  B+,지배구조 D
441,에스엠벡셀  2020  N  N,KCGS  C,환경  C,사회  C,지배구조 C
442,에스원  2020  N  N,KCGS  B+,환경  B,사회  A,지배구조 B+
443,에스제이엠  2020  N  N,KCGS  C,환경  C,사회  B,지배구조 C
444,에스제이엠홀딩스  2020  N  N,KCGS  B,환경  C,사회  B,지배구조 B
445,에스제이지세종  2020  N  N,KCGS  C,환경  B,사회  B+,지배구조 C
446,에스케이바이오팜  2020  N  N,KCGS  -,환경  -,사회  -,지배구조 -
447,에쓰씨엔지니어링  2020  N  N,KCGS  C,환경  C,사회  B,지배구조 B
448,에어부산  2020  N  N,KCGS  C,환경  C,사회  B+,지배구조 C
449,에이블씨엔씨  2020  N  N,KCGS  C,환경  D,사회  B,지배구조 C
450,에이엔피  2020  N  N,KCGS  C,환경  B,사회  C,지배구조 C
451,에이프로젠  2020  N  N,KCGS  C,환경  C,사회  D,지배구조 C
452,에이프로젠바이오로직스  2020  N  N,KCGS  C,환경  D,사회  C,지배구조 C
453,에코바이브  2020  N  N,KCGS  C,환경  D,사회  C,지배구조 C
454,엔씨소프트  2020  N  N,KCGS  B+,환경  D,사회  B+,지배구조 A
455,엔에이치엔  2020  N  N,KCGS  B,환경  D,사회  B+,지배구조 B+
456,엔케이  2020  N  N,KCGS  C,환경  B,사회  C,지배구조 C
457,엔피씨  2020  N  N,KCGS  C,환경  C,사회  C,지배구조 C
458,엘앤에프  2020  N  N,KCGS  B,환경  B,사회  B+,지배구조 B
459,엘에스일렉트릭  2020  N  N,KCGS  A,환경  B+,사회  A+,지배구조 B+
460,영보화학  2020  N  N,KCGS  B,환경  B,사회  B,지배구조 B
461,영원무역  2020  N  N,KCGS  B,환경  D,사회  B,지배구조 B+
462,영원무역홀딩스  2020  N  N,KCGS  B,환경  D,사회  B,지배구조 B
463,영진약품  2020  N  N,KCGS  B,환경  D,사회  B+,지배구조 B+
464,영풍  2020  N  N,KCGS  C,환경  D,사회  B,지배구조 D
465,영풍제지  2020  N  N,KCGS  B,환경  B,사회  C,지배구조 B
466,영화금속  2020  N  N,KCGS  B,환경  B,사회  C,지배구조 B
467,영흥  2020  N  N,KCGS  B,환경  C,사회  B,지배구조 B+
468,예스코홀딩스  2020  N  N,KCGS  B,환경  D,사회  B+,지배구조 B+
469,오뚜기  2020  N  N,KCGS  B+,환경  B+,사회  A,지배구조 B
470,오리엔트바이오  2020  N  N,KCGS  C,환경  B,사회  B,지배구조 C
471,오리온  2020  N  N,KCGS  B+,환경  B,사회  B+,지배구조 A
472,오리온홀딩스  2020  N  N,KCGS  B+,환경  C,사회  B+,지배구조 A
473,와이투솔루션  2020  N  N,KCGS  D,환경  C,사회  C,지배구조 D
474,용평리조트  2020  N  N,KCGS  B,환경  C,사회  B,지배구조 B
475,우리금융지주  2020  N  N,KCGS  B+,환경  B+,사회  B+,지배구조 B+
476,우리종금  2020  N  N,KCGS  B,환경  D,사회  B,지배구조 B
477,우성  2020  N  N,KCGS  C,환경  D,사회  C,지배구조 C
478,우신시스템  2020  N  N,KCGS  B+,환경  B,사회  B,지배구조 B+
479,우진  2020  N  N,KCGS  B+,환경  B,사회  B,지배구조 B+
480,우진아이엔에스  2020  N  N,KCGS  C,환경  C,사회  C,지배구조 B+
481,우진플라임  2020  N  N,KCGS  B,환경  B,사회  B,지배구조 B
482,웅진  2020  N  N,KCGS  B,환경  D,사회  B,지배구조 B+
483,웅진씽크빅  2020  N  N,KCGS  B,환경  D,사회  B,지배구조 B
484,원림  2020  N  N,KCGS  C,환경  D,사회  B,지배구조 C
485,웰바이오텍  2020  N  N,KCGS  B,환경  D,사회  B,지배구조 B
486,윌비스  2020  N  N,KCGS  C,환경  D,사회  C,지배구조 C
487,유나이티드  2020  N  N,KCGS  B,환경  B,사회  B+,지배구조 B
488,유니드  2020  N  N,KCGS  B,환경  B,사회  B,지배구조 B
489,유니온  2020  N  N,KCGS  C,환경  C,사회  B,지배구조 C
490,유니온머티리얼  2020  N  N,KCGS  B,환경  B,사회  B,지배구조 B
491,유니켐  2020  N  N,KCGS  B,환경  B,사회  C,지배구조 B
492,유니퀘스트  2020  N  N,KCGS  B,환경  D,사회  C,지배구조 B+
493,유성기업  2020  N  N,KCGS  C,환경  B,사회  C,지배구조 C
494,유수홀딩스  2020  N  N,KCGS  B,환경  C,사회  B,지배구조 B+
495,유안타증권  2020  N  N,KCGS  B,환경  D,사회  B+,지배구조 B
496,유엔젤  2020  N  N,KCGS  C,환경  B,사회  C,지배구조 C
497,유유제약  2020  N  N,KCGS  B,환경  B,사회  C,지배구조 B
498,유진증권  2020  N  N,KCGS  B,환경  C,사회  B+,지배구조 B
499,유한양행  2020  N  N,KCGS  B+,환경  B+,사회  B+,지배구조 B+
500,유화증권  2020  N  N,KCGS  C,환경  D,사회  C,지배구조 B
501,율촌화학  2020  N  N,KCGS  B,환경  C,사회  B+,지배구조 B+
502,이건산업  2020  N  N,KCGS  B,환경  C,사회  B,지배구조 B
503,이구산업  2020  N  N,KCGS  B,환경  B,사회  C,지배구조 B
504,이노션  2020  N  N,KCGS  B+,환경  D,사회  A,지배구조 A
505,이마트  2020  N  N,KCGS  A,환경  A,사회  A+,지배구조 A
506,이수페타시스  2020  N  N,KCGS  B,환경  B+,사회  B+,지배구조 C
507,이수화학  2020  N  N,KCGS  C,환경  B,사회  B,지배구조 C
508,이스타코  2020  N  N,KCGS  C,환경  D,사회  C,지배구조 B
509,이아이디  2020  N  N,KCGS  D,환경  D,사회  C,지배구조 C
510,이엔플러스  2020  N  N,KCGS  B,환경  B,사회  C,지배구조 B
511,이연제약  2020  N  N,KCGS  C,환경  D,사회  B,지배구조 B
512,이월드  2020  N  N,KCGS  C,환경  D,사회  C,지배구조 B
513,이화산업  2020  N  N,KCGS  C,환경  C,사회  C,지배구조 C
514,인디에프  2020  N  N,KCGS  C,환경  D,사회  B,지배구조 B
515,인바이오젠  2020  N  N,KCGS  C,환경  D,사회  B,지배구조 C
516,인스코비  2020  N  N,KCGS  C,환경  B,사회  C,지배구조 C
517,인지컨트롤스  2020  N  N,KCGS  C,환경  C,사회  B,지배구조 C
518,인천도시가스  2020  N  N,KCGS  B,환경  C,사회  B,지배구조 B+
519,인터지스  2020  N  N,KCGS  B+,환경  B,사회  B,지배구조 B+
520,인팩  2020  N  N,KCGS  C,환경  C,사회  C,지배구조 B
521,일동제약  2020  N  N,KCGS  A,환경  B+,사회  A+,지배구조 B+
522,일동홀딩스  2020  N  N,KCGS  B+,환경  B,사회  A,지배구조 B+
523,일성건설  2020  N  N,KCGS  B,환경  B,사회  B,지배구조 B
524,일성아이에스  2020  N  N,KCGS  C,환경  D,사회  B,지배구조 B
525,일신방직  2020  N  N,KCGS  B,환경  B,사회  B,지배구조 B
526,일신석재  2020  N  N,KCGS  C,환경  D,사회  C,지배구조 B
527,일양약품  2020  N  N,KCGS  B,환경  D,사회  B,지배구조 B+
528,일정실업  2020  N  N,KCGS  C,환경  C,사회  C,지배구조 C
529,일진다이아  2020  N  N,KCGS  C,환경  C,사회  B,지배구조 B
530,일진디스플  2020  N  N,KCGS  B,환경  B,사회  B,지배구조 B
531,일진전기  2020  N  N,KCGS  C,환경  C,사회  B,지배구조 C
532,일진홀딩스  2020  N  N,KCGS  B,환경  C,사회  B,지배구조 B
533,잇츠한불  2020  N  N,KCGS  B,환경  C,사회  B,지배구조 B
534,자화전자  2020  N  N,KCGS  B,환경  B,사회  B+,지배구조 B
535,전방  2020  N  N,KCGS  C,환경  C,사회  B+,지배구조 C
536,제이에스코퍼레이션  2020  N  N,KCGS  C,환경  D,사회  C,지배구조 B+
537,제이준코스메틱  2020  N  N,KCGS  C,환경  D,사회  C,지배구조 B
538,제일기획  2020  N  N,KCGS  B+,환경  D,사회  A,지배구조 B+
539,제일약품  2020  N  N,KCGS  C,환경  D,사회  B,지배구조 B
540,제일연마  2020  N  N,KCGS  C,환경  C,사회  C,지배구조 B
541,제일파마홀딩스  2020  N  N,KCGS  B,환경  D,사회  B,지배구조 B
542,제주은행  2020  N  N,KCGS  B+,환경  C,사회  A,지배구조 A
543,제주항공  2020  N  N,KCGS  B,환경  C,사회  B+,지배구조 B+
544,조광페인트  2020  N  N,KCGS  C,환경  C,사회  B,지배구조 B
545,조광피혁  2020  N  N,KCGS  C,환경  D,사회  C,지배구조 B
546,조비  2020  N  N,KCGS  C,환경  D,사회  B,지배구조 B
547,조선선재  2020  N  N,KCGS  C,환경  D,사회  C,지배구조 B+
548,조일알미늄  2020  N  N,KCGS  B,환경  B,사회  C,지배구조 B
549,조흥  2020  N  N,KCGS  B,환경  B,사회  C,지배구조 B
550,종근당  2020  N  N,KCGS  B,환경  C,사회  B+,지배구조 B+
551,종근당바이오  2020  N  N,KCGS  C,환경  B,사회  C,지배구조 C
552,종근당홀딩스  2020  N  N,KCGS  C,환경  C,사회  B+,지배구조 C
553,주성코퍼레이션  2020  N  N,KCGS  D,환경  C,사회  C,지배구조 D
554,주연테크  2020  N  N,KCGS  C,환경  C,사회  B,지배구조 C
555,지엠비코리아  2020  N  N,KCGS  C,환경  C,사회  B,지배구조 C
556,지역난방공사  2020  N  N,KCGS  A,환경  B+,사회  A+,지배구조 B+
557,진도  2020  N  N,KCGS  B,환경  D,사회  B,지배구조 B
558,진양산업  2020  N  N,KCGS  D,환경  D,사회  C,지배구조 C
559,진양폴리우레탄  2020  N  N,KCGS  C,환경  D,사회  C,지배구조 B
560,진양홀딩스  2020  N  N,KCGS  C,환경  D,사회  C,지배구조 C
561,진양화학  2020  N  N,KCGS  D,환경  D,사회  C,지배구조 C
562,진에어  2020  N  N,KCGS  B+,환경  C,사회  B+,지배구조 A
563,진원생명과학  2020  N  N,KCGS  C,환경  D,사회  C,지배구조 B
564,진흥기업  2020  N  N,KCGS  C,환경  C,사회  B,지배구조 B
565,참엔지니어링  2020  N  N,KCGS  B,환경  B,사회  B,지배구조 B
566,천일고속  2020  N  N,KCGS  B,환경  C,사회  B,지배구조 B+
567,청호ICT  2020  N  N,KCGS  C,환경  B,사회  C,지배구조 C
568,체시스  2020  N  N,KCGS  C,환경  C,사회  B,지배구조 C
569,카카오  2020  N  N,KCGS  B+,환경  C,사회  A+,지배구조 A
570,카프로  2020  N  N,KCGS  B+,환경  B+,사회  B,지배구조 B+
571,케이비아이동국실업  2020  N  N,KCGS  C,환경  B,사회  B,지배구조 C
572,케이씨  2020  N  N,KCGS  B+,환경  B,사회  B,지배구조 B+
573,케이씨씨  2020  N  N,KCGS  B,환경  B+,사회  A,지배구조 C
574,케이씨텍  2020  N  N,KCGS  B,환경  B,사회  B,지배구조 B
575,케이씨티시  2020  N  N,KCGS  B,환경  B,사회  B,지배구조 B
576,케이티  2020  N  N,KCGS  A+,환경  A,사회  A,지배구조 A+
577,케이티스카이라이프  2020  N  N,KCGS  B+,환경  C,사회  B+,지배구조 B+
578,케이티앤지  2020  N  N,KCGS  A,환경  B+,사회  A+,지배구조 A
579,코리아써키트  2020  N  N,KCGS  C,환경  B+,사회  B,지배구조 C
580,코리안리  2020  N  N,KCGS  B,환경  D,사회  B,지배구조 B+
581,코스맥스  2020  N  N,KCGS  B+,환경  B+,사회  B+,지배구조 B
582,코스맥스비티아이  2020  N  N,KCGS  B,환경  B,사회  B,지배구조 B
583,코스모신소재  2020  N  N,KCGS  B+,환경  B+,사회  B,지배구조 B+
584,코스모화학  2020  N  N,KCGS  C,환경  B,사회  C,지배구조 D
585,코아스  2020  N  N,KCGS  B+,환경  B,사회  B,지배구조 B+
586,코오롱  2020  N  N,KCGS  B,환경  C,사회  B+,지배구조 B
587,코오롱글로벌  2020  N  N,KCGS  B,환경  C,사회  B,지배구조 B+
588,코오롱인더  2020  N  N,KCGS  B+,환경  B+,사회  B+,지배구조 B+
589,코오롱플라스틱  2020  N  N,KCGS  B+,환경  B,사회  B+,지배구조 B+
590,코웨이  2020  N  N,KCGS  A,환경  A,사회  A+,지배구조 B+
591,콘텐트리중앙  2020  N  N,KCGS  B,환경  D,사회  B,지배구조 B
592,콜마홀딩스  2020  N  N,KCGS  B,환경  B,사회  B,지배구조 B
593,콤텍시스템  2020  N  N,KCGS  C,환경  D,사회  B,지배구조 C
594,쿠쿠홀딩스  2020  N  N,KCGS  B,환경  D,사회  B,지배구조 B+
595,쿠쿠홈시스  2020  N  N,KCGS  C,환경  D,사회  C,지배구조 C
596,크라운제과  2020  N  N,KCGS  B,환경  D,사회  B+,지배구조 B
597,크라운해태홀딩스  2020  N  N,KCGS  B,환경  D,사회  B+,지배구조 B
598,키다리스튜디오  2020  N  N,KCGS  B,환경  B,사회  B,지배구조 B
599,키움증권  2020  N  N,KCGS  B,환경  D,사회  B+,지배구조 B+
600,태경비케이  2020  N  N,KCGS  C,환경  C,사회  B,지배구조 B
601,태경산업  2020  N  N,KCGS  B,환경  B,사회  B,지배구조 B
602,태경케미컬  2020  N  N,KCGS  D,환경  D,사회  C,지배구조 C
603,태광산업  2020  N  N,KCGS  C,환경  B,사회  B+,지배구조 D
604,태림포장  2020  N  N,KCGS  C,환경  B,사회  C,지배구조 C
605,태양금속공업  2020  N  N,KCGS  B,환경  B+,사회  B,지배구조 B
606,태영건설  2020  N  N,KCGS  B,환경  B,사회  B,지배구조 B+
607,태원물산  2020  N  N,KCGS  B,환경  B,사회  C,지배구조 B
608,테이팩스  2020  N  N,KCGS  B+,환경  B+,사회  B+,지배구조 B
609,텔코웨어  2020  N  N,KCGS  B,환경  D,사회  B,지배구조 B
610,토니모리  2020  N  N,KCGS  C,환경  D,사회  C,지배구조 B+
611,티비에이치글로벌  2020  N  N,KCGS  B,환경  C,사회  B,지배구조 B+
612,티에이치엔  2020  N  N,KCGS  B,환경  B,사회  B,지배구조 B
613,티웨이항공  2020  N  N,KCGS  B,환경  C,사회  B,지배구조 B
614,티웨이홀딩스  2020  N  N,KCGS  C,환경  D,사회  B,지배구조 C
615,티케이지휴켐스  2020  N  N,KCGS  C,환경  B,사회  B+,지배구조 C
616,파미셀  2020  N  N,KCGS  B,환경  B,사회  C,지배구조 B
617,팜스코  2020  N  N,KCGS  B,환경  D,사회  B+,지배구조 B+
618,팜젠사이언스  2020  N  N,KCGS  C,환경  D,사회  B,지배구조 C
619,팬오션  2020  N  N,KCGS  B+,환경  B,사회  B,지배구조 A
620,퍼스텍  2020  N  N,KCGS  C,환경  B,사회  B,지배구조 C
621,퍼시스  2020  N  N,KCGS  B,환경  B,사회  B,지배구조 B
622,페이퍼코리아  2020  N  N,KCGS  C,환경  C,사회  B,지배구조 C
623,평화산업  2020  N  N,KCGS  B,환경  B,사회  B,지배구조 B
624,평화홀딩스  2020  N  N,KCGS  B,환경  C,사회  B,지배구조 B+
625,포스코DX  2020  N  N,KCGS  B+,환경  B,사회  A,지배구조 B+
626,포스코스틸리온  2020  N  N,KCGS  A,환경  B+,사회  A+,지배구조 B+
627,포스코인터내셔널  2020  N  N,KCGS  A+,환경  A,사회  A+,지배구조 A+
628,포스코퓨처엠  2020  N  N,KCGS  A,환경  A,사회  A+,지배구조 B+
629,풀무원  2020  N  N,KCGS  A+,환경  A,사회  A+,지배구조 A+
630,풍산  2020  N  N,KCGS  B+,환경  B+,사회  A,지배구조 B+
631,풍산홀딩스  2020  N  N,KCGS  B,환경  B,사회  B+,지배구조 B
632,플레이그램  2020  N  N,KCGS  C,환경  D,사회  C,지배구조 C
633,하나금융지주  2020  N  N,KCGS  A,환경  A,사회  A,지배구조 A
634,하나제약  2020  N  N,KCGS  B,환경  D,사회  B,지배구조 B+
635,하나투어  2020  N  N,KCGS  B,환경  D,사회  B,지배구조 B
636,하이스틸  2020  N  N,KCGS  B,환경  B,사회  C,지배구조 B
637,하이트론씨스템즈  2020  N  N,KCGS  B,환경  D,사회  B,지배구조 B+
638,하이트진로  2020  N  N,KCGS  B,환경  B,사회  B,지배구조 B
639,하이트진로홀딩스  2020  N  N,KCGS  B,환경  C,사회  B,지배구조 B
640,한국가스공사  2020  N  N,KCGS  A,환경  B+,사회  A+,지배구조 B+
641,한국공항  2020  N  N,KCGS  C,환경  D,사회  B,지배구조 B
642,한국금융지주  2020  N  N,KCGS  B,환경  D,사회  B+,지배구조 B+
643,한국내화  2020  N  N,KCGS  C,환경  C,사회  B,지배구조 D
644,한국단자공업  2020  N  N,KCGS  C,환경  C,사회  B,지배구조 B
645,한국무브넥스  2020  N  N,KCGS  C,환경  B,사회  B+,지배구조 C
646,한국석유공업  2020  N  N,KCGS  C,환경  C,사회  C,지배구조 B
647,한국수출포장공업  2020  N  N,KCGS  B,환경  B,사회  C,지배구조 B
648,한국쉘석유  2020  N  N,KCGS  B,환경  C,사회  B+,지배구조 B
649,한국앤컴퍼니  2020  N  N,KCGS  B,환경  B+,사회  B+,지배구조 B
650,한국자산신탁  2020  N  N,KCGS  C,환경  D,사회  B,지배구조 C
651,한국전력공사  2020  N  N,KCGS  A,환경  B+,사회  A,지배구조 A
652,한국전자홀딩스  2020  N  N,KCGS  C,환경  C,사회  B,지배구조 C
653,한국제지  2020  N  N,KCGS  B,환경  B+,사회  B,지배구조 B
654,한국종합기술  2020  N  N,KCGS  B,환경  B,사회  C,지배구조 B
655,한국주강  2020  N  N,KCGS  C,환경  D,사회  C,지배구조 C
656,한국주철관공업  2020  N  N,KCGS  C,환경  C,사회  C,지배구조 B
657,한국철강  2020  N  N,KCGS  C,환경  B+,사회  B,지배구조 C
658,한국카본  2020  N  N,KCGS  B+,환경  B,사회  B,지배구조 B+
659,한국콜마  2020  N  N,KCGS  B+,환경  B,사회  B+,지배구조 B+
660,한국타이어앤테크놀로지  2020  N  N,KCGS  B+,환경  A,사회  A,지배구조 B
661,한국토지신탁  2020  N  N,KCGS  C,환경  D,사회  B,지배구조 C
662,한국특강  2020  N  N,KCGS  B,환경  B,사회  B,지배구조 B
663,한국항공우주  2020  N  N,KCGS  A,환경  A,사회  A+,지배구조 B+
664,한국화장품  2020  N  N,KCGS  B,환경  D,사회  B+,지배구조 B
665,한국화장품제조  2020  N  N,KCGS  C,환경  D,사회  B,지배구조 B
666,한농화성  2020  N  N,KCGS  C,환경  C,사회  C,지배구조 B
667,한독  2020  N  N,KCGS  B+,환경  B+,사회  B+,지배구조 B
668,한미글로벌  2020  N  N,KCGS  B+,환경  B,사회  B+,지배구조 B+
669,한미반도체  2020  N  N,KCGS  C,환경  D,사회  C,지배구조 B
670,한미사이언스  2020  N  N,KCGS  B,환경  B,사회  B,지배구조 B
671,한미약품  2020  N  N,KCGS  A,환경  B+,사회  A+,지배구조 B+
672,한샘  2020  N  N,KCGS  B+,환경  B+,사회  A+,지배구조 B
673,한섬  2020  N  N,KCGS  A,환경  B+,사회  A,지배구조 A
674,한성기업  2020  N  N,KCGS  C,환경  D,사회  B,지배구조 C
675,한세실업  2020  N  N,KCGS  B,환경  C,사회  B,지배구조 B+
676,한세엠케이  2020  N  N,KCGS  C,환경  C,사회  C,지배구조 B
677,한세예스24홀딩스  2020  N  N,KCGS  B,환경  C,사회  B,지배구조 B
678,한솔로지스틱스  2020  N  N,KCGS  B+,환경  B,사회  B+,지배구조 A
679,한솔제지  2020  N  N,KCGS  A,환경  A,사회  A,지배구조 A
680,한솔케미칼  2020  N  N,KCGS  B+,환경  B,사회  B+,지배구조 B+
681,한솔테크닉스  2020  N  N,KCGS  B+,환경  B+,사회  B+,지배구조 A
682,한솔피엔에스  2020  N  N,KCGS  A,환경  B+,사회  B+,지배구조 A
683,한솔홀딩스  2020  N  N,KCGS  A,환경  B+,사회  A,지배구조 A
684,한솔홈데코  2020  N  N,KCGS  B+,환경  B,사회  B+,지배구조 A
685,한신공영  2020  N  N,KCGS  C,환경  C,사회  B,지배구조 B
686,한신기계공업  2020  N  N,KCGS  C,환경  B,사회  C,지배구조 C
687,한양증권  2020  N  N,KCGS  C,환경  D,사회  B+,지배구조 C
688,한온시스템  2020  N  N,KCGS  B,환경  B,사회  B,지배구조 B+
689,한올바이오파마  2020  N  N,KCGS  B,환경  D,사회  B+,지배구조 B
690,한익스프레스  2020  N  N,KCGS  C,환경  B,사회  C,지배구조 D
691,한일시멘트  2020  N  N,KCGS  B,환경  C,사회  B+,지배구조 B
692,한일철강  2020  N  N,KCGS  D,환경  D,사회  D,지배구조 C
693,한일현대시멘트  2020  N  N,KCGS  B+,환경  B,사회  B+,지배구조 B+
694,한일홀딩스  2020  N  N,KCGS  B,환경  D,사회  B+,지배구조 B+
695,한전KPS  2020  N  N,KCGS  B+,환경  B+,사회  A,지배구조 B+
696,한전기술  2020  N  N,KCGS  B+,환경  B+,사회  A,지배구조 B+
697,한전산업  2020  N  N,KCGS  B+,환경  B,사회  B+,지배구조 B+
698,한진  2020  N  N,KCGS  B,환경  B,사회  C,지배구조 B+
699,한진중공업홀딩스  2020  N  N,KCGS  B,환경  D,사회  C,지배구조 B+
700,한진칼  2020  N  N,KCGS  B+,환경  B,사회  B,지배구조 A
701,한창  2020  N  N,KCGS  C,환경  D,사회  B,지배구조 C
702,한창제지  2020  N  N,KCGS  B,환경  B,사회  C,지배구조 B
703,한화  2020  N  N,KCGS  A,환경  B+,사회  A,지배구조 A
704,한화생명  2020  N  N,KCGS  A,환경  A,사회  A+,지배구조 B+
705,한화손해보험  2020  N  N,KCGS  B+,환경  B,사회  A,지배구조 B
706,한화솔루션  2020  N  N,KCGS  B+,환경  A,사회  A,지배구조 B
707,한화에어로스페이스  2020  N  N,KCGS  A,환경  A,사회  A,지배구조 A
708,한화엔진  2020  N  N,KCGS  A,환경  B+,사회  A,지배구조 A
709,한화오션  2020  N  N,KCGS  B+,환경  B+,사회  B,지배구조 A
710,한화투자증권  2020  N  N,KCGS  B+,환경  B,사회  A,지배구조 B+
711,해성디에스  2020  N  N,KCGS  A,환경  A,사회  A,지배구조 A
712,해태제과식품  2020  N  N,KCGS  B,환경  D,사회  B+,지배구조 B
713,핸즈코퍼레이션  2020  N  N,KCGS  B,환경  B,사회  B,지배구조 B+
714,현대건설  2020  N  N,KCGS  A,환경  A+,사회  A,지배구조 A
715,현대글로비스  2020  N  N,KCGS  A,환경  A,사회  A+,지배구조 A
716,현대로템  2020  N  N,KCGS  B+,환경  B,사회  A,지배구조 B+
717,현대리바트  2020  N  N,KCGS  A,환경  B,사회  A,지배구조 A
718,현대모비스  2020  N  N,KCGS  A,환경  B+,사회  A+,지배구조 A
719,현대백화점  2020  N  N,KCGS  A,환경  B+,사회  A,지배구조 A
720,현대비앤지스틸  2020  N  N,KCGS  B+,환경  B+,사회  A,지배구조 B+
721,현대약품  2020  N  N,KCGS  B,환경  B,사회  B+,지배구조 B
722,현대엘리베이터  2020  N  N,KCGS  A,환경  B+,사회  A,지배구조 A
723,현대위아  2020  N  N,KCGS  A,환경  A,사회  A+,지배구조 A
724,현대자동차  2020  N  N,KCGS  A,환경  A,사회  A+,지배구조 A
725,현대제철  2020  N  N,KCGS  B+,환경  B+,사회  B,지배구조 B+
726,현대지에프홀딩스  2020  N  N,KCGS  A,환경  B+,사회  A,지배구조 A
727,현대차증권  2020  N  N,KCGS  A,환경  B,사회  A+,지배구조 A
728,현대코퍼레이션  2020  N  N,KCGS  B,환경  D,사회  B,지배구조 B
729,현대코퍼레이션홀딩스  2020  N  N,KCGS  C,환경  D,사회  C,지배구조 B
730,현대퓨처넷  2020  N  N,KCGS  B+,환경  C,사회  A,지배구조 A
731,현대해상  2020  N  N,KCGS  A,환경  B+,사회  A,지배구조 A
732,현대홈쇼핑  2020  N  N,KCGS  A,환경  A,사회  A,지배구조 A
733,형지엘리트  2020  N  N,KCGS  C,환경  D,사회  B,지배구조 C
734,혜인  2020  N  N,KCGS  C,환경  B,사회  C,지배구조 C
735,호전실업  2020  N  N,KCGS  C,환경  D,사회  C,지배구조 B+
736,호텔신라  2020  N  N,KCGS  A,환경  A,사회  A,지배구조 A
737,화성산업  2020  N  N,KCGS  B,환경  C,사회  B,지배구조 B+
738,화승엔터프라이즈  2020  N  N,KCGS  B+,환경  B+,사회  B,지배구조 A
739,화승인더스트리  2020  N  N,KCGS  B,환경  B,사회  B,지배구조 B+
740,화승코퍼레이션  2020  N  N,KCGS  B+,환경  B+,사회  B,지배구조 B+
741,화신  2020  N  N,KCGS  C,환경  D,사회  B+,지배구조 B
742,화인베스틸  2020  N  N,KCGS  B,환경  B,사회  C,지배구조 B
743,화천기계  2020  N  N,KCGS  C,환경  B,사회  B,지배구조 C
744,화천기공  2020  N  N,KCGS  C,환경  D,사회  C,지배구조 B
745,환인제약  2020  N  N,KCGS  B,환경  D,사회  B+,지배구조 B+
746,황금에스티  2020  N  N,KCGS  D,환경  D,사회  C,지배구조 C
747,효성  2020  N  N,KCGS  B+,환경  A,사회  A+,지배구조 B
748,효성 ITX  2020  N  N,KCGS  B+,환경  C,사회  B+,지배구조 B+
749,효성중공업  2020  N  N,KCGS  A,환경  A,사회  A+,지배구조 A
750,효성첨단소재  2020  N  N,KCGS  A+,환경  A+,사회  A+,지배구조 A
751,효성티앤씨  2020  N  N,KCGS  A+,환경  A+,사회  A+,지배구조 A
752,효성화학  2020  N  N,KCGS  A+,환경  A+,사회  A+,지배구조 A
753,후성  2020  N  N,KCGS  C,환경  B,사회  C,지배구조 C
754,휠라홀딩스  2020  N  N,KCGS  B+,환경  B,사회  B+,지배구조 B+
755,휴니드테크놀러지스  2020  N  N,KCGS  C,환경  C,사회  B,지배구조 B
756,휴비스  2020  N  N,KCGS  B+,환경  B+,사회  B+,지배구조 B+
757,휴스틸  2020  N  N,KCGS  C,환경  B,사회  B,지배구조 C
758,흥국화재  2020  N  N,KCGS  B,환경  D,사회  A,지배구조 B
759,흥아해운  2020  N  N,KCGS  D,환경  D,사회  C,지배구조 D